{"digest":"26a8b6b3fe92343219e63da42133bcfaf2744b2a","css":"atom-text-editor .lines .highlight.hyperclick > .region {\n  border-bottom: 1px solid #abb2bf;\n}\natom-text-editor:not([mini]).hyperclick .lines {\n  /**\n   * Unfortunately, this cannot be a property of `.hyperclick .region`:\n   * https://discuss.atom.io/t/some-css-styles-not-honored-by-decorations/11662\n   */\n  cursor: pointer;\n}\natom-text-editor:not([mini]).hyperclick-loading .lines {\n  cursor: wait;\n}\nhyperclick-suggestion-list {\n  cursor: default;\n}\n.hyperclick-suggestion-list-scroller.popover-list.select-list {\n  overflow-y: auto;\n  width: inherit;\n  max-width: 500px;\n}\n.hyperclick-result-item {\n  cursor: pointer;\n}\nhyperclick-suggestion-list .right-label {\n  float: right;\n  padding-left: 0.75em;\n  padding-right: 0.6em;\n  font-size: 0.9em;\n  color: #777;\n}\nhyperclick-suggestion-list .right-label:empty {\n  width: 0.6em;\n  padding: 0;\n}\n","imports":[{"path":"static\\variables\\ui-variables.less","digest":"22956e6f6db30ab08c9f8dbc5a1bba7149ff2678"},{"path":"static\\variables\\syntax-variables.less","digest":"161404ff92113205d84a38441681ded1e4527102"},{"path":"node_modules\\one-dark-syntax\\styles\\syntax-variables.less","digest":"adddfa2302fe6b546da4ebe619742288126b1bc4"},{"path":"node_modules\\one-dark-syntax\\styles\\colors.less","digest":"09a7869efef21684b3da1ce77a799fa307bbc34f"}],"version":1}