{"digest":"90518b619aa4bd61ab28e2a1266b019e77cdc6d7","css":".github-Accordion {\n  cursor: default;\n  user-select: none;\n}\n.github-Accordion-header {\n  font-weight: 600;\n  color: rgba(157, 165, 180, 0.6);\n  padding: 5px;\n  border-bottom: 1px solid #181a1f;\n  display: flex;\n  align-items: center;\n}\n.github-Accordion-header::-webkit-details-marker {\n  color: rgba(157, 165, 180, 0.6);\n}\n.github-Accordion--rightTitle,\n.github-Accordion--leftTitle {\n  flex: 1;\n}\n.github-Accordion-content {\n  border-bottom: 1px solid #181a1f;\n  background-color: #282c34;\n}\n.github-Accordion-content:empty::before {\n  content: \"Empty\";\n  display: block;\n  font-style: italic;\n  text-align: center;\n  color: rgba(157, 165, 180, 0.6);\n}\n.github-Accordion-list {\n  margin: 0;\n  padding: 0;\n  list-style: none;\n}\n.github-Accordion[open] .github-Accordion-header {\n  color: #d7dae0;\n}\n.github-Accordion-listItem {\n  display: flex;\n  align-items: center;\n  padding: 2.5px;\n  border-bottom: 1px solid #181a1f;\n}\n.github-Accordion-listItem:last-child {\n  border: none;\n}\n.github-Accordion-listItem:active {\n  background-color: #31363f;\n}\n","imports":[{"path":"static\\variables\\ui-variables.less","digest":"22956e6f6db30ab08c9f8dbc5a1bba7149ff2678"},{"path":"static\\variables\\syntax-variables.less","digest":"161404ff92113205d84a38441681ded1e4527102"},{"path":"node_modules\\github\\styles\\variables.less","digest":"c9eb75db5f3647898c9605e16775cc8ffcadf55e"},{"path":"static\\variables\\ui-variables.less","digest":"22956e6f6db30ab08c9f8dbc5a1bba7149ff2678"},{"path":"static\\variables\\syntax-variables.less","digest":"161404ff92113205d84a38441681ded1e4527102"},{"path":"node_modules\\one-dark-ui\\styles\\ui-variables.less","digest":"939d3fbe15b58314488f201da561d2d2c00768c3"},{"path":"node_modules\\one-dark-ui\\styles\\ui-variables-custom.less","digest":"457fe8030169bcd63e16828e946242049e38737d"},{"path":"node_modules\\one-dark-syntax\\styles\\syntax-variables.less","digest":"adddfa2302fe6b546da4ebe619742288126b1bc4"},{"path":"node_modules\\one-dark-syntax\\styles\\colors.less","digest":"09a7869efef21684b3da1ce77a799fa307bbc34f"},{"path":"node_modules\\one-dark-syntax\\styles\\syntax-variables.less","digest":"adddfa2302fe6b546da4ebe619742288126b1bc4"}],"version":1}