{"digest":"b8209a3a4978893ded14af34e12802d8f14c250b","css":".github-BranchMenuView .hidden {\n  display: none;\n}\n.github-BranchMenuView-selector {\n  display: flex;\n  align-items: center;\n}\n.github-BranchMenuView-item {\n  margin: 5px;\n}\n.github-BranchMenuView .icon-sync::before {\n  animation: github-BranchViewSync-animation 2s linear 30;\n}\n@keyframes github-BranchViewSync-animation {\n  100% {\n    transform: rotate(360deg);\n  }\n}\n.github-BranchMenuView .icon-git-branch {\n  flex-basis: 16px;\n  flex-grow: 0;\n  flex-shrink: 0;\n  color: rgba(157, 165, 180, 0.6);\n}\n.github-BranchMenuView .icon-git-branch::before {\n  margin-right: 0;\n  text-align: center;\n}\n.github-BranchMenuView-select {\n  flex-grow: 1;\n  flex-shrink: 1;\n  width: 100%;\n}\n.github-BranchMenuView-button {\n  flex-grow: 0;\n  flex-shrink: 0;\n}\n.github-BranchMenuView-editor {\n  flex: 1;\n}\n.github-BranchMenuView-editor atom-text-editor,\n.github-BranchMenuView-editor atom-text-editor .cursor-line {\n  background-color: inherit;\n}\n.github-BranchMenuView-editor atom-text-editor[mini] {\n  font-size: inherit;\n  text-align: left;\n}\n.github-BranchMenuView-editor atom-text-editor[readonly] {\n  color: rgba(157, 165, 180, 0.6);\n  pointer-events: none;\n}\n.github-BranchMenuView-message {\n  max-height: 20em;\n  margin: 5px;\n  padding: 5px;\n  line-height: 1.4;\n  white-space: normal;\n  text-align: left;\n  overflow-y: auto;\n  border: 1px solid #181a1f;\n  border-radius: 3px;\n  background-color: #31363f;\n}\n.github-BranchMenuView-message:empty {\n  display: none;\n}\n","imports":[{"path":"static\\variables\\ui-variables.less","digest":"22956e6f6db30ab08c9f8dbc5a1bba7149ff2678"},{"path":"static\\variables\\syntax-variables.less","digest":"161404ff92113205d84a38441681ded1e4527102"},{"path":"node_modules\\github\\styles\\variables.less","digest":"c9eb75db5f3647898c9605e16775cc8ffcadf55e"},{"path":"static\\variables\\ui-variables.less","digest":"22956e6f6db30ab08c9f8dbc5a1bba7149ff2678"},{"path":"static\\variables\\syntax-variables.less","digest":"161404ff92113205d84a38441681ded1e4527102"},{"path":"node_modules\\one-dark-ui\\styles\\ui-variables.less","digest":"939d3fbe15b58314488f201da561d2d2c00768c3"},{"path":"node_modules\\one-dark-ui\\styles\\ui-variables-custom.less","digest":"457fe8030169bcd63e16828e946242049e38737d"},{"path":"node_modules\\one-dark-syntax\\styles\\syntax-variables.less","digest":"adddfa2302fe6b546da4ebe619742288126b1bc4"},{"path":"node_modules\\one-dark-syntax\\styles\\colors.less","digest":"09a7869efef21684b3da1ce77a799fa307bbc34f"},{"path":"node_modules\\one-dark-syntax\\styles\\syntax-variables.less","digest":"adddfa2302fe6b546da4ebe619742288126b1bc4"}],"version":1}