{"digest":"35e8961d68a6a10a451743fa7052ff050204d896","css":".github-CacheView {\n  width: 100%;\n  height: 100%;\n  overflow-y: auto;\n}\n.github-CacheView header {\n  text-align: center;\n  border-bottom: 1px solid #181a1f;\n  padding: 10px;\n}\n.github-CacheView-Controls {\n  padding: 0 10px;\n  text-align: right;\n}\n.github-CacheView-Clear {\n  margin-left: 1em;\n}\n.github-CacheView-Order select {\n  margin-left: 0.5em;\n}\n.github-CacheView table {\n  margin: 10px 20px;\n  width: 90%;\n}\n.github-CacheView thead {\n  color: #d7dae0;\n  background-color: #31363f;\n  font-weight: bold;\n}\n.github-CacheView td {\n  padding: 5px;\n  vertical-align: top;\n}\n.github-CacheView-Key button {\n  width: 100%;\n  font-family: monospace;\n  text-align: left;\n}\n.github-CacheView-Age {\n  min-width: 100px;\n}\n.github-CacheView-Hits {\n  min-width: 50px;\n}\n.github-CacheView-Content {\n  white-space: pre-wrap;\n  max-height: 100px;\n  overflow-y: scroll;\n}\n","imports":[{"path":"static\\variables\\ui-variables.less","digest":"22956e6f6db30ab08c9f8dbc5a1bba7149ff2678"},{"path":"static\\variables\\syntax-variables.less","digest":"161404ff92113205d84a38441681ded1e4527102"},{"path":"node_modules\\github\\styles\\variables.less","digest":"c9eb75db5f3647898c9605e16775cc8ffcadf55e"},{"path":"static\\variables\\ui-variables.less","digest":"22956e6f6db30ab08c9f8dbc5a1bba7149ff2678"},{"path":"static\\variables\\syntax-variables.less","digest":"161404ff92113205d84a38441681ded1e4527102"},{"path":"node_modules\\one-dark-ui\\styles\\ui-variables.less","digest":"939d3fbe15b58314488f201da561d2d2c00768c3"},{"path":"node_modules\\one-dark-ui\\styles\\ui-variables-custom.less","digest":"457fe8030169bcd63e16828e946242049e38737d"},{"path":"node_modules\\one-dark-syntax\\styles\\syntax-variables.less","digest":"adddfa2302fe6b546da4ebe619742288126b1bc4"},{"path":"node_modules\\one-dark-syntax\\styles\\colors.less","digest":"09a7869efef21684b3da1ce77a799fa307bbc34f"},{"path":"node_modules\\one-dark-syntax\\styles\\syntax-variables.less","digest":"adddfa2302fe6b546da4ebe619742288126b1bc4"}],"version":1}