{"digest":"40cefd199170c4928c60cd1e593dce5d3bd430fa","css":".github-CoAuthorForm {\n  display: flex;\n  flex-direction: column;\n  margin-top: 10px;\n  padding: 5px;\n  border-radius: 3px 3px 0 0;\n  border: 1px solid #181a1f;\n  border-bottom: 0;\n  background-color: #282c34;\n}\n.github-CoAuthorForm-row {\n  display: flex;\n  align-items: center;\n  margin: 5px;\n}\n.github-CoAuthorForm-row.has-buttons {\n  margin: 0;\n  flex-wrap: wrap;\n}\n.github-CoAuthorForm-row.has-buttons .btn {\n  flex: 1;\n  margin: 5px;\n}\n.github-CoAuthorForm-row.has-buttons .btn-primary {\n  flex: 4;\n}\n.github-CoAuthorForm-label {\n  min-width: 6ch;\n}\n.github-CoAuthorForm + .github-CommitView-coAuthorEditor {\n  margin-top: 0;\n  border-top-left-radius: 0;\n  border-top-right-radius: 0;\n}\n","imports":[{"path":"static\\variables\\ui-variables.less","digest":"22956e6f6db30ab08c9f8dbc5a1bba7149ff2678"},{"path":"static\\variables\\syntax-variables.less","digest":"161404ff92113205d84a38441681ded1e4527102"},{"path":"node_modules\\github\\styles\\variables.less","digest":"c9eb75db5f3647898c9605e16775cc8ffcadf55e"},{"path":"static\\variables\\ui-variables.less","digest":"22956e6f6db30ab08c9f8dbc5a1bba7149ff2678"},{"path":"static\\variables\\syntax-variables.less","digest":"161404ff92113205d84a38441681ded1e4527102"},{"path":"node_modules\\one-dark-ui\\styles\\ui-variables.less","digest":"939d3fbe15b58314488f201da561d2d2c00768c3"},{"path":"node_modules\\one-dark-ui\\styles\\ui-variables-custom.less","digest":"457fe8030169bcd63e16828e946242049e38737d"},{"path":"node_modules\\one-dark-syntax\\styles\\syntax-variables.less","digest":"adddfa2302fe6b546da4ebe619742288126b1bc4"},{"path":"node_modules\\one-dark-syntax\\styles\\colors.less","digest":"09a7869efef21684b3da1ce77a799fa307bbc34f"},{"path":"node_modules\\one-dark-syntax\\styles\\syntax-variables.less","digest":"adddfa2302fe6b546da4ebe619742288126b1bc4"}],"version":1}