{"digest":"6a4feac5f2f061b64accc430596bd2180801cd1a","css":".github-CommitDetailView {\n  display: flex;\n  flex-direction: column;\n  height: 100%;\n}\n.github-CommitDetailView-header {\n  flex: 0;\n  border-bottom: 1px solid #181a1f;\n  background-color: #282c34;\n}\n.github-CommitDetailView-commit {\n  padding: 20px;\n  padding-bottom: 0;\n}\n.github-CommitDetailView-title {\n  margin: 0 0 .25em 0;\n  font-size: 1.4em;\n  line-height: 1.3;\n  color: #d7dae0;\n}\n.github-CommitDetailView-avatar {\n  border-radius: 3px;\n  height: 16px;\n  margin-right: .4em;\n  width: 16px;\n}\n.github-CommitDetailView-meta {\n  display: flex;\n  align-items: center;\n  margin: 5px 0 20px 0;\n}\n.github-CommitDetailView-metaText {\n  flex: 1;\n  margin-left: 22.4px;\n  line-height: 16px;\n  color: rgba(157, 165, 180, 0.6);\n}\n.github-CommitDetailView-moreButton {\n  position: absolute;\n  left: 50%;\n  transform: translate(-50%, -50%);\n  padding: 0em .4em;\n  color: rgba(157, 165, 180, 0.6);\n  font-style: italic;\n  border: 1px solid #181a1f;\n  border-radius: 3px;\n  background-color: #353b45;\n}\n.github-CommitDetailView-moreButton:hover {\n  background-color: #3a3f4b;\n}\n.github-CommitDetailView-moreText {\n  padding: 20px 0;\n  font-size: inherit;\n  font-family: var(--editor-font-family);\n  word-wrap: initial;\n  word-break: break-word;\n  white-space: pre-wrap;\n  border-top: 1px solid #181a1f;\n  background-color: transparent;\n  max-height: 55vh;\n}\n.github-CommitDetailView-moreText:empty {\n  display: none;\n}\n.github-CommitDetailView-sha {\n  flex: 0 0 7ch;\n  margin-left: 20px;\n  line-height: 16px;\n  color: rgba(157, 165, 180, 0.6);\n  font-family: var(--editor-font-family);\n  white-space: nowrap;\n  overflow: hidden;\n}\n.github-CommitDetailView-sha a {\n  color: #6494ed;\n}\n","imports":[{"path":"static\\variables\\ui-variables.less","digest":"22956e6f6db30ab08c9f8dbc5a1bba7149ff2678"},{"path":"static\\variables\\syntax-variables.less","digest":"161404ff92113205d84a38441681ded1e4527102"},{"path":"node_modules\\github\\styles\\variables.less","digest":"c9eb75db5f3647898c9605e16775cc8ffcadf55e"},{"path":"static\\variables\\ui-variables.less","digest":"22956e6f6db30ab08c9f8dbc5a1bba7149ff2678"},{"path":"static\\variables\\syntax-variables.less","digest":"161404ff92113205d84a38441681ded1e4527102"},{"path":"node_modules\\one-dark-ui\\styles\\ui-variables.less","digest":"939d3fbe15b58314488f201da561d2d2c00768c3"},{"path":"node_modules\\one-dark-ui\\styles\\ui-variables-custom.less","digest":"457fe8030169bcd63e16828e946242049e38737d"},{"path":"node_modules\\one-dark-syntax\\styles\\syntax-variables.less","digest":"adddfa2302fe6b546da4ebe619742288126b1bc4"},{"path":"node_modules\\one-dark-syntax\\styles\\colors.less","digest":"09a7869efef21684b3da1ce77a799fa307bbc34f"},{"path":"node_modules\\one-dark-syntax\\styles\\syntax-variables.less","digest":"adddfa2302fe6b546da4ebe619742288126b1bc4"}],"version":1}