{"digest":"b186401a41aa0364bfed9c88162b18a96f3bbb87","css":"atom-text-editor .github-ConflictBlock {\n  display: flex;\n  align-items: center;\n  margin-right: 10px;\n  padding: 5px;\n  cursor: default;\n  color: rgba(171, 178, 191, 0.75);\n}\natom-text-editor .github-ConflictBlock .github-ResolutionControls {\n  flex: 1;\n}\natom-text-editor .github-ConflictBlock .github-ResolutionControls button {\n  margin-right: 10px;\n}\natom-text-editor .github-ConflictBlock .github-ResolutionControls span {\n  cursor: pointer;\n}\natom-text-editor .github-SideDescription {\n  font-family: system-ui;\n  font-size: .9em;\n}\natom-text-editor .github-ResolutionControls .icon {\n  line-height: 0;\n}\natom-text-editor .github-ConflictTopBlock {\n  margin-top: 10px;\n  border-top-left-radius: 4.5px;\n  border-top-right-radius: 4.5px;\n}\natom-text-editor .github-ConflictBottomBlock {\n  margin-bottom: 10px;\n  border-bottom-left-radius: 4.5px;\n  border-bottom-right-radius: 4.5px;\n}\natom-text-editor .github-ConflictOurs {\n  margin-right: 10px;\n  background-color: rgba(214, 51, 255, 0.15);\n}\natom-text-editor .github-ConflictOurs.cursor-line {\n  background-color: rgba(214, 51, 255, 0.25) !important;\n}\natom-text-editor .github-ConflictOursBanner {\n  margin-right: 10px;\n  background-color: rgba(214, 51, 255, 0.15);\n}\natom-text-editor .github-ConflictOursBanner.cursor-line {\n  background-color: rgba(214, 51, 255, 0.25) !important;\n}\natom-text-editor .github-ConflictOursBanner.github-ConflictUnmodifiedBanner span {\n  color: rgba(214, 51, 255, 0.66) !important;\n}\natom-text-editor .github-ConflictOursBlock {\n  color: rgba(255, 255, 255, 0.5);\n  background-color: rgba(214, 51, 255, 0.35);\n}\natom-text-editor .github-ConflictOursBlock .btn {\n  color: white;\n  border-color: rgba(0, 0, 0, 0.15);\n  border: none;\n  background: #d633ff;\n}\natom-text-editor .github-ConflictTheirs {\n  margin-right: 10px;\n  background-color: rgba(51, 160, 255, 0.15);\n}\natom-text-editor .github-ConflictTheirs.cursor-line {\n  background-color: rgba(51, 160, 255, 0.25) !important;\n}\natom-text-editor .github-ConflictTheirsBanner {\n  margin-right: 10px;\n  background-color: rgba(51, 160, 255, 0.15);\n}\natom-text-editor .github-ConflictTheirsBanner.cursor-line {\n  background-color: rgba(51, 160, 255, 0.25) !important;\n}\natom-text-editor .github-ConflictTheirsBanner.github-ConflictUnmodifiedBanner span {\n  color: rgba(51, 160, 255, 0.66) !important;\n}\natom-text-editor .github-ConflictTheirsBlock {\n  color: rgba(255, 255, 255, 0.5);\n  background-color: rgba(51, 160, 255, 0.35);\n}\natom-text-editor .github-ConflictTheirsBlock .btn {\n  color: white;\n  border-color: rgba(0, 0, 0, 0.15);\n  border: none;\n  background: #33a0ff;\n}\natom-text-editor .github-ConflictBase {\n  margin-right: 10px;\n  background-color: rgba(153, 153, 153, 0.15);\n}\natom-text-editor .github-ConflictBase.cursor-line {\n  background-color: rgba(153, 153, 153, 0.25) !important;\n}\natom-text-editor .github-ConflictBaseBanner {\n  margin-right: 10px;\n  background-color: rgba(153, 153, 153, 0.15);\n}\natom-text-editor .github-ConflictBaseBanner.cursor-line {\n  background-color: rgba(153, 153, 153, 0.25) !important;\n}\natom-text-editor .github-ConflictBaseBanner.github-ConflictUnmodifiedBanner span {\n  color: rgba(153, 153, 153, 0.66) !important;\n}\natom-text-editor .github-ConflictBaseBlock {\n  color: rgba(255, 255, 255, 0.5);\n  background-color: rgba(153, 153, 153, 0.35);\n}\natom-text-editor .github-ConflictBaseBlock .btn {\n  color: white;\n  border-color: rgba(0, 0, 0, 0.15);\n  border: none;\n  background: #999999;\n}\natom-text-editor .github-ConflictModified {\n  margin-right: 10px;\n  background-color: rgba(224, 194, 133, 0.15);\n}\natom-text-editor .github-ConflictModified.cursor-line {\n  background-color: rgba(224, 194, 133, 0.25) !important;\n}\natom-text-editor .github-ConflictModifiedBanner {\n  margin-right: 10px;\n  background-color: rgba(224, 194, 133, 0.15);\n}\natom-text-editor .github-ConflictModifiedBanner.cursor-line {\n  background-color: rgba(224, 194, 133, 0.25) !important;\n}\natom-text-editor .github-ConflictModifiedBanner.github-ConflictUnmodifiedBanner span {\n  color: rgba(224, 194, 133, 0.66) !important;\n}\natom-text-editor .github-ConflictModifiedBlock {\n  color: rgba(255, 255, 255, 0.5);\n  background-color: rgba(224, 194, 133, 0.35);\n}\natom-text-editor .github-ConflictModifiedBlock .btn {\n  color: white;\n  border-color: rgba(0, 0, 0, 0.15);\n  border: none;\n  background: #e0c285;\n}\natom-text-editor .github-ConflictSeparator {\n  margin-right: 10px;\n  background-color: rgba(153, 153, 153, 0.15);\n}\natom-text-editor .github-ConflictSeparator.cursor-line {\n  background-color: rgba(153, 153, 153, 0.25) !important;\n}\natom-text-editor .github-ConflictSeparator span {\n  color: rgba(153, 153, 153, 0.66) !important;\n}\natom-text-editor .github-ResolvedLines {\n  background-color: rgba(67, 208, 138, 0.15);\n}\natom-text-editor .github-ResolvedLines.cursor-line {\n  background-color: rgba(67, 208, 138, 0.25) !important;\n}\n","imports":[{"path":"static\\variables\\ui-variables.less","digest":"22956e6f6db30ab08c9f8dbc5a1bba7149ff2678"},{"path":"static\\variables\\syntax-variables.less","digest":"161404ff92113205d84a38441681ded1e4527102"},{"path":"node_modules\\github\\styles\\variables.less","digest":"c9eb75db5f3647898c9605e16775cc8ffcadf55e"},{"path":"static\\variables\\ui-variables.less","digest":"22956e6f6db30ab08c9f8dbc5a1bba7149ff2678"},{"path":"static\\variables\\syntax-variables.less","digest":"161404ff92113205d84a38441681ded1e4527102"},{"path":"node_modules\\one-dark-ui\\styles\\ui-variables.less","digest":"939d3fbe15b58314488f201da561d2d2c00768c3"},{"path":"node_modules\\one-dark-ui\\styles\\ui-variables-custom.less","digest":"457fe8030169bcd63e16828e946242049e38737d"},{"path":"node_modules\\one-dark-syntax\\styles\\syntax-variables.less","digest":"adddfa2302fe6b546da4ebe619742288126b1bc4"},{"path":"node_modules\\one-dark-syntax\\styles\\colors.less","digest":"09a7869efef21684b3da1ce77a799fa307bbc34f"},{"path":"node_modules\\one-dark-syntax\\styles\\syntax-variables.less","digest":"adddfa2302fe6b546da4ebe619742288126b1bc4"}],"version":1}