{"digest":"a3a6b69243d4141520bdb8b296835c160d1b0eee","css":".github-DialogPrompt {\n  margin: 10px;\n  text-align: center;\n  font-size: 1.2em;\n  user-select: none;\n}\n.github-DialogForm {\n  display: flex;\n  flex-direction: column;\n  padding: 5px;\n}\n.github-DialogLabel {\n  flex: 1;\n  margin: 5px;\n  position: relative;\n  line-height: 2;\n}\n.github-DialogLabel--horizontal {\n  display: flex;\n  flex-direction: row;\n  justify-content: flex-end;\n  align-items: center;\n}\n.github-DialogLabel--horizontal input {\n  margin: 0 10px;\n}\n.github-DialogLabel--horizontal input[type=\"text\"],\n.github-DialogLabel--horizontal input[type=\"password\"] {\n  width: 85%;\n}\n.github-DialogLabel .github-AtomTextEditor-container {\n  margin-top: 5px;\n}\n.github-DialogFooter {\n  display: flex;\n  flex-direction: row;\n  align-items: center;\n}\n.github-DialogInfo {\n  display: inline-block;\n  flex-grow: 1;\n  margin: 5px;\n  padding: 5px;\n}\n.github-DialogInfo li {\n  display: inline-block;\n}\n.github-DialogButtons {\n  flex-grow: 0;\n  display: flex;\n  align-items: center;\n  justify-content: flex-end;\n  padding: 5px;\n}\n.platform-win32 .github-DialogButtons {\n  flex-direction: row-reverse;\n  justify-content: flex-start;\n}\n.github-DialogButtons .btn {\n  margin: 5px;\n}\n.github-DialogButtons-leftItem,\n.github-DialogButtons-leftItem.btn {\n  margin: 5px;\n  margin-right: auto;\n}\n.github-Dialog--insetButton {\n  position: absolute;\n  background: transparent;\n  right: 1em;\n  top: 0;\n  bottom: 0;\n  border: none;\n  color: rgba(157, 165, 180, 0.6);\n  cursor: pointer;\n}\n.github-Dialog--insetButton:hover {\n  color: #d7dae0;\n}\n.github-Dialog--insetButton:focus {\n  border: solid 1px #4d78cc;\n  border-radius: 4px;\n}\n.github-DialogSpinner {\n  display: flex;\n  align-items: center;\n  justify-content: center;\n  padding: 10px;\n}\n.github-DialogSpinner .loading {\n  margin: 10px;\n}\n.github-Dialog-row {\n  display: flex;\n  flex-direction: row;\n  align-items: stretch;\n}\n.github-Dialog atom-text-editor[mini].editor {\n  margin: 0;\n}\n.github-Dialog atom-text-editor[mini].editor[readOnly] {\n  color: rgba(157, 165, 180, 0.6);\n}\n.github-Dialog:not(:focus-within) {\n  padding-bottom: 1px;\n  transition: padding-bottom 0.01s;\n}\n.github-TabbableWrapper {\n  display: flex;\n  flex: 1;\n}\n.github-RepositoryHome {\n  display: flex;\n  flex-direction: row;\n  justify-content: flex-start;\n  align-items: center;\n  width: 100%;\n}\n.github-RepositoryHome-owner {\n  flex: 1;\n}\n.github-RepositoryHome-owner .Select-control {\n  border-color: #181a1f;\n}\n.github-RepositoryHome-owner.Select--single > .Select-control .Select-value.Select-value {\n  background: #353b45;\n}\n.github-RepositoryHome-owner.Select.has-value.Select--single > .Select-control .Select-value .Select-value-label {\n  color: #9da5b4;\n}\n.github-RepositoryHome-owner .Select-option {\n  background: #353b45;\n  color: #9da5b4;\n}\n.github-RepositoryHome-owner .Select-option.is-focused {\n  background: #4d78cc;\n}\n.github-RepositoryHome-owner .Select-option.is-disabled {\n  color: rgba(157, 165, 180, 0.6);\n}\n.github-RepositoryHome-ownerOption {\n  display: flex;\n  flex-direction: row;\n  justify-content: flex-start;\n  align-items: center;\n}\n.github-RepositoryHome-ownerAvatar {\n  flex: 0;\n  border-radius: 2.5px;\n  margin: 0 10px 0 0;\n}\n.github-RepositoryHome-ownerUnwritable {\n  display: flex;\n  flex-direction: row;\n  justify-content: flex-end;\n  align-items: center;\n}\n.github-RepositoryHome-separator {\n  flex: 0;\n  margin: 0 10px;\n}\n.github-RepositoryHome .github-AtomTextEditor-container {\n  flex: 1.5;\n}\n.github-RemoteConfiguration-details summary {\n  cursor: default;\n  user-select: none;\n  margin: 10px 0;\n}\n.github-RemoteConfiguration-details summary:focus {\n  border: solid 1px #4d78cc;\n  border-radius: 4px;\n}\n.github-RemoteConfiguration-details main {\n  padding-top: 10px;\n}\n.github-RemoteConfiguration-protocol {\n  display: inline-flex;\n  align-items: center;\n}\n.github-RemoteConfiguration-protocolHeading {\n  display: inline-block;\n  margin-right: 10px;\n}\n.github-RemoteConfiguration-protocolOption {\n  display: inline-flex;\n  align-items: center;\n  padding: 2.5px;\n  margin-right: 10px;\n}\n.github-RemoteConfiguration-protocolOption:focus-within {\n  border: solid 1px #4d78cc;\n  border-radius: 4px;\n}\n.github-RemoteConfiguration-sourceRemote {\n  width: 60%;\n}\n.github-RemoteConfiguration-sourceRemote label {\n  display: flex;\n  align-items: center;\n  width: 100%;\n}\n.github-RemoteConfiguration-sourceRemote label .github-AtomTextEditor-container {\n  flex: 1;\n  margin-left: 10px;\n}\n.github-Create-visibility {\n  display: inline-flex;\n  align-items: center;\n}\n.github-Create-visibilityHeading {\n  display: inline-block;\n  margin-right: 20px;\n}\n.github-Create-visibilityOption {\n  display: inline-flex;\n  align-items: center;\n  padding: 2.5px;\n  margin-right: 10px;\n}\n.github-Create-visibilityOption:focus-within {\n  border: solid 1px #4d78cc;\n  border-radius: 4px;\n}\n.github-Create-visibilityOption span::before {\n  margin-left: 5px;\n  margin-right: 5px;\n}\n","imports":[{"path":"static\\variables\\ui-variables.less","digest":"22956e6f6db30ab08c9f8dbc5a1bba7149ff2678"},{"path":"static\\variables\\syntax-variables.less","digest":"161404ff92113205d84a38441681ded1e4527102"},{"path":"node_modules\\github\\styles\\variables.less","digest":"c9eb75db5f3647898c9605e16775cc8ffcadf55e"},{"path":"static\\variables\\ui-variables.less","digest":"22956e6f6db30ab08c9f8dbc5a1bba7149ff2678"},{"path":"static\\variables\\syntax-variables.less","digest":"161404ff92113205d84a38441681ded1e4527102"},{"path":"node_modules\\one-dark-ui\\styles\\ui-variables.less","digest":"939d3fbe15b58314488f201da561d2d2c00768c3"},{"path":"node_modules\\one-dark-ui\\styles\\ui-variables-custom.less","digest":"457fe8030169bcd63e16828e946242049e38737d"},{"path":"node_modules\\one-dark-syntax\\styles\\syntax-variables.less","digest":"adddfa2302fe6b546da4ebe619742288126b1bc4"},{"path":"node_modules\\one-dark-syntax\\styles\\colors.less","digest":"09a7869efef21684b3da1ce77a799fa307bbc34f"},{"path":"node_modules\\one-dark-syntax\\styles\\syntax-variables.less","digest":"adddfa2302fe6b546da4ebe619742288126b1bc4"}],"version":1}