{"digest":"414406bbf0eefd0388d77c9570821f734bc3762b","css":"atom-dock.bottom .github-Git {\n  flex-direction: row;\n}\natom-dock.bottom .github-StagingView {\n  display: contents;\n}\natom-dock.bottom .github-Git > div {\n  flex: 1;\n}\natom-dock.bottom .github-StagedChanges {\n  border-left: 1px solid #181a1f;\n  border-right: 1px solid #181a1f;\n}\natom-dock.bottom .github-StagingView-header {\n  flex-wrap: wrap;\n}\natom-dock.bottom .github-StagingView-group:first-child .github-StagingView-header {\n  border-top: 1px solid #181a1f;\n}\natom-dock.bottom .github-RecentCommits {\n  max-height: none;\n  border-left: 1px solid #181a1f;\n}\natom-dock.left .github-IssueishDetailView-header,\natom-dock.right .github-IssueishDetailView-header {\n  display: block;\n  padding: 10px;\n  background-color: #21252b;\n}\natom-dock.left .github-IssueishDetailView-avatar,\natom-dock.right .github-IssueishDetailView-avatar {\n  position: absolute;\n}\natom-dock.left .github-IssueishDetailView-avatarImage,\natom-dock.right .github-IssueishDetailView-avatarImage {\n  width: 20px;\n  height: 20px;\n}\natom-dock.left .github-IssueishDetailView-headerRow:nth-child(1),\natom-dock.right .github-IssueishDetailView-headerRow:nth-child(1) {\n  padding-left: 25px;\n  overflow: hidden;\n}\natom-dock.left .github-IssueishDetailView-title,\natom-dock.right .github-IssueishDetailView-title {\n  text-overflow: ellipsis;\n  white-space: nowrap;\n  overflow: hidden;\n}\natom-dock.left .github-IssueishDetailView-checkoutButton,\natom-dock.right .github-IssueishDetailView-checkoutButton {\n  margin: 10px 0 0 0;\n}\natom-dock.left .github-IssueishDetailView-tablist,\natom-dock.right .github-IssueishDetailView-tablist {\n  flex-wrap: wrap;\n}\natom-dock.left .github-IssueishDetailView-tab,\natom-dock.right .github-IssueishDetailView-tab {\n  padding: 5px 10px;\n}\natom-dock.left .github-IssueishDetailView-tab-icon,\natom-dock.right .github-IssueishDetailView-tab-icon {\n  display: none;\n}\natom-dock.left .github-IssueishDetailView-overview,\natom-dock.right .github-IssueishDetailView-overview {\n  font-size: .9em;\n}\natom-dock.left .github-IssueishDetailView-overview > .github-DotComMarkdownHtml,\natom-dock.right .github-IssueishDetailView-overview > .github-DotComMarkdownHtml,\natom-dock.left .github-IssueishDetailView-overview .timeline-item,\natom-dock.right .github-IssueishDetailView-overview .timeline-item {\n  padding: 10px;\n}\natom-dock.left .github-IssueishDetailView-buildStatus,\natom-dock.right .github-IssueishDetailView-buildStatus {\n  padding: 0;\n}\natom-dock.left .github-IssueishDetailView .github-PrStatuses-header,\natom-dock.right .github-IssueishDetailView .github-PrStatuses-header {\n  border-top: none;\n}\natom-dock.left .github-IssueishDetailView .github-PrStatuses-header,\natom-dock.right .github-IssueishDetailView .github-PrStatuses-header,\natom-dock.left .github-IssueishDetailView .github-PrStatuses-list-item,\natom-dock.right .github-IssueishDetailView .github-PrStatuses-list-item {\n  border-radius: 0;\n  border-left: none;\n  border-right: none;\n}\natom-dock.left .github-IssueishDetailView .github-PrCommitsView-commitWrapper,\natom-dock.right .github-IssueishDetailView .github-PrCommitsView-commitWrapper {\n  padding: 0;\n}\natom-dock.left .github-IssueishDetailView .github-PrCommitView-container,\natom-dock.right .github-IssueishDetailView .github-PrCommitView-container {\n  font-size: .9em;\n  border-left: none;\n  border-right: none;\n}\natom-dock.left .github-IssueishDetailView .github-PrCommitView-container:first-child,\natom-dock.right .github-IssueishDetailView .github-PrCommitView-container:first-child {\n  border-top: none;\n  border-radius: 0;\n}\natom-dock.left .github-IssueishDetailView .github-PrCommitView-container:last-child,\natom-dock.right .github-IssueishDetailView .github-PrCommitView-container:last-child {\n  border-bottom: none;\n  border-radius: 0;\n}\natom-dock.left .github-CommitDetailView-header,\natom-dock.right .github-CommitDetailView-header {\n  background-color: #21252b;\n}\natom-dock.left .github-CommitDetailView-commit,\natom-dock.right .github-CommitDetailView-commit {\n  padding: 10px 10px 0 10px;\n}\natom-dock.left .github-CommitDetailView-meta,\natom-dock.right .github-CommitDetailView-meta {\n  margin-bottom: 10px;\n}\natom-dock.left .github-CommitDetailView-moreText,\natom-dock.right .github-CommitDetailView-moreText {\n  padding: 10px 0;\n}\n","imports":[{"path":"static\\variables\\ui-variables.less","digest":"22956e6f6db30ab08c9f8dbc5a1bba7149ff2678"},{"path":"static\\variables\\syntax-variables.less","digest":"161404ff92113205d84a38441681ded1e4527102"},{"path":"node_modules\\github\\styles\\variables.less","digest":"c9eb75db5f3647898c9605e16775cc8ffcadf55e"},{"path":"static\\variables\\ui-variables.less","digest":"22956e6f6db30ab08c9f8dbc5a1bba7149ff2678"},{"path":"static\\variables\\syntax-variables.less","digest":"161404ff92113205d84a38441681ded1e4527102"},{"path":"node_modules\\one-dark-ui\\styles\\ui-variables.less","digest":"939d3fbe15b58314488f201da561d2d2c00768c3"},{"path":"node_modules\\one-dark-ui\\styles\\ui-variables-custom.less","digest":"457fe8030169bcd63e16828e946242049e38737d"},{"path":"node_modules\\one-dark-syntax\\styles\\syntax-variables.less","digest":"adddfa2302fe6b546da4ebe619742288126b1bc4"},{"path":"node_modules\\one-dark-syntax\\styles\\colors.less","digest":"09a7869efef21684b3da1ce77a799fa307bbc34f"},{"path":"node_modules\\one-dark-syntax\\styles\\syntax-variables.less","digest":"adddfa2302fe6b546da4ebe619742288126b1bc4"}],"version":1}