{"digest":"a86dc9565052d0e9c830974a7f164ae66a7b0e06","css":".github-FilePatchListView:empty:before {\n  content: 'No changes';\n  display: block;\n  padding: 10px;\n  text-align: center;\n  color: rgba(157, 165, 180, 0.6);\n  font-style: italic;\n}\n.github-FilePatchListView-item {\n  position: relative;\n  display: flex;\n  align-items: flex-start;\n  padding: 5px 10px;\n  padding-left: 35px;\n  overflow: hidden;\n  -webkit-user-select: none;\n  cursor: default;\n}\n.github-FilePatchListView-icon {\n  text-align: right;\n}\n.github-FilePatchListView-icon:before {\n  margin-right: 8.33333333px;\n}\n.github-FilePatchListView-path {\n  flex: 1;\n  word-break: break-word;\n}\n.github-FilePatchListView-resolutionItem {\n  padding-top: 0;\n  padding-bottom: 5px;\n}\n.github-MergeConflictPaths .github-FilePatchListView-icon:last-child {\n  margin-left: 5px;\n}\n","imports":[{"path":"static\\variables\\ui-variables.less","digest":"22956e6f6db30ab08c9f8dbc5a1bba7149ff2678"},{"path":"static\\variables\\syntax-variables.less","digest":"161404ff92113205d84a38441681ded1e4527102"},{"path":"node_modules\\github\\styles\\variables.less","digest":"c9eb75db5f3647898c9605e16775cc8ffcadf55e"},{"path":"static\\variables\\ui-variables.less","digest":"22956e6f6db30ab08c9f8dbc5a1bba7149ff2678"},{"path":"static\\variables\\syntax-variables.less","digest":"161404ff92113205d84a38441681ded1e4527102"},{"path":"node_modules\\one-dark-ui\\styles\\ui-variables.less","digest":"939d3fbe15b58314488f201da561d2d2c00768c3"},{"path":"node_modules\\one-dark-ui\\styles\\ui-variables-custom.less","digest":"457fe8030169bcd63e16828e946242049e38737d"},{"path":"node_modules\\one-dark-syntax\\styles\\syntax-variables.less","digest":"adddfa2302fe6b546da4ebe619742288126b1bc4"},{"path":"node_modules\\one-dark-syntax\\styles\\colors.less","digest":"09a7869efef21684b3da1ce77a799fa307bbc34f"},{"path":"node_modules\\one-dark-syntax\\styles\\syntax-variables.less","digest":"adddfa2302fe6b546da4ebe619742288126b1bc4"}],"version":1}