{"digest":"0a25d61cc6a62297ae12fede424856f9d03d5fbc","css":".github-StubItem-git,\n.github-Git-root {\n  flex: 1;\n  display: flex;\n}\n.github-Git {\n  flex: 1;\n  display: flex;\n  flex-direction: column;\n  min-width: 0;\n  font-family: system-ui;\n  font-size: 12px;\n  color: #9da5b4;\n  -webkit-user-select: none;\n  cursor: default;\n}\n.github-Git.is-loading {\n  color: rgba(157, 165, 180, 0.6);\n}\n.github-Git.no-repository,\n.github-Git.too-many-changes,\n.github-Git.unsupported-directory {\n  display: flex;\n  justify-content: center;\n  font-size: 1.25em;\n  padding: 30px;\n  text-align: center;\n}\n.github-Git.no-repository > *,\n.github-Git.too-many-changes > *,\n.github-Git.unsupported-directory > * {\n  margin: 10px 0;\n}\n.github-Git.no-repository h1,\n.github-Git.too-many-changes h1,\n.github-Git.unsupported-directory h1 {\n  margin-bottom: 30px;\n}\n.github-Git.no-repository button,\n.github-Git.too-many-changes button,\n.github-Git.unsupported-directory button {\n  overflow: hidden;\n  text-overflow: ellipsis;\n}\n.github-Git-LargeIcon:before {\n  margin-right: 0;\n  margin-bottom: 50px;\n  width: auto;\n  height: auto;\n  font-size: 8em;\n  color: #50555f;\n}\n","imports":[{"path":"static\\variables\\ui-variables.less","digest":"22956e6f6db30ab08c9f8dbc5a1bba7149ff2678"},{"path":"static\\variables\\syntax-variables.less","digest":"161404ff92113205d84a38441681ded1e4527102"},{"path":"node_modules\\github\\styles\\variables.less","digest":"c9eb75db5f3647898c9605e16775cc8ffcadf55e"},{"path":"static\\variables\\ui-variables.less","digest":"22956e6f6db30ab08c9f8dbc5a1bba7149ff2678"},{"path":"static\\variables\\syntax-variables.less","digest":"161404ff92113205d84a38441681ded1e4527102"},{"path":"node_modules\\one-dark-ui\\styles\\ui-variables.less","digest":"939d3fbe15b58314488f201da561d2d2c00768c3"},{"path":"node_modules\\one-dark-ui\\styles\\ui-variables-custom.less","digest":"457fe8030169bcd63e16828e946242049e38737d"},{"path":"node_modules\\one-dark-syntax\\styles\\syntax-variables.less","digest":"adddfa2302fe6b546da4ebe619742288126b1bc4"},{"path":"node_modules\\one-dark-syntax\\styles\\colors.less","digest":"09a7869efef21684b3da1ce77a799fa307bbc34f"},{"path":"node_modules\\one-dark-syntax\\styles\\syntax-variables.less","digest":"adddfa2302fe6b546da4ebe619742288126b1bc4"}],"version":1}