{"digest":"2758ad70995f1d1a09dc9fed3f726d7cfe505368","css":".github-StubItem-github,\n.github-GitHub-root {\n  flex: 1;\n  display: flex;\n}\n.github-GitHub {\n  flex: 1;\n  min-width: 0;\n  display: flex;\n  flex-direction: column;\n  -webkit-user-select: none;\n  cursor: default;\n}\n.github-GitHub-content {\n  flex: 1;\n  display: flex;\n  flex-direction: column;\n}\n.github-GitHub-noRemotes,\n.github-GitHub .github-RemoteSelector {\n  flex: 1;\n  display: flex;\n  flex-direction: column;\n  justify-content: center;\n  font-size: 1.25em;\n  text-align: center;\n  padding: 30px;\n}\n.github-GitHub-noRemotes > *,\n.github-GitHub .github-RemoteSelector > * {\n  margin: 10px 0;\n}\n.github-GitHub-noRemotes h1,\n.github-GitHub .github-RemoteSelector h1 {\n  margin-bottom: 30px;\n}\n.github-GitHub .github-RemoteSelector ul {\n  list-style: none;\n  padding-left: 0;\n}\n.github-GitHub .github-RemoteSelector ul li:not(:last-child) {\n  margin-bottom: 10px;\n}\n.github-GitHub .github-RemoteSelector button {\n  width: 100%;\n  overflow: hidden;\n  text-overflow: ellipsis;\n}\n.github-GitHub-LargeIcon:before {\n  margin-right: 0;\n  margin-bottom: 50px;\n  width: auto;\n  height: auto;\n  font-size: 8em;\n  color: #50555f;\n}\n","imports":[{"path":"static\\variables\\ui-variables.less","digest":"22956e6f6db30ab08c9f8dbc5a1bba7149ff2678"},{"path":"static\\variables\\syntax-variables.less","digest":"161404ff92113205d84a38441681ded1e4527102"},{"path":"node_modules\\github\\styles\\variables.less","digest":"c9eb75db5f3647898c9605e16775cc8ffcadf55e"},{"path":"static\\variables\\ui-variables.less","digest":"22956e6f6db30ab08c9f8dbc5a1bba7149ff2678"},{"path":"static\\variables\\syntax-variables.less","digest":"161404ff92113205d84a38441681ded1e4527102"},{"path":"node_modules\\one-dark-ui\\styles\\ui-variables.less","digest":"939d3fbe15b58314488f201da561d2d2c00768c3"},{"path":"node_modules\\one-dark-ui\\styles\\ui-variables-custom.less","digest":"457fe8030169bcd63e16828e946242049e38737d"},{"path":"node_modules\\one-dark-syntax\\styles\\syntax-variables.less","digest":"adddfa2302fe6b546da4ebe619742288126b1bc4"},{"path":"node_modules\\one-dark-syntax\\styles\\colors.less","digest":"09a7869efef21684b3da1ce77a799fa307bbc34f"},{"path":"node_modules\\one-dark-syntax\\styles\\syntax-variables.less","digest":"adddfa2302fe6b546da4ebe619742288126b1bc4"}],"version":1}