{"digest":"11d1a16a856f2b97711c2711c54286e933de4bd1","css":".github-DotComMarkdownHtml {\n  font-size: 1.15em;\n  line-height: 1.5;\n}\n.github-DotComMarkdownHtml > *:first-child {\n  margin-top: 0;\n}\n.github-DotComMarkdownHtml > *:last-child {\n  margin-bottom: 0;\n}\n.github-DotComMarkdownHtml h1,\n.github-DotComMarkdownHtml h2,\n.github-DotComMarkdownHtml h3,\n.github-DotComMarkdownHtml h4,\n.github-DotComMarkdownHtml h5,\n.github-DotComMarkdownHtml h6 {\n  line-height: 1.2;\n  margin-top: 1em;\n  margin-bottom: 0.33333333em;\n  color: #d7dae0;\n}\n.github-DotComMarkdownHtml h1 {\n  font-size: 1.5em;\n  font-weight: 400;\n}\n.github-DotComMarkdownHtml h2 {\n  font-size: 1.3em;\n  font-weight: 400;\n}\n.github-DotComMarkdownHtml h3 {\n  font-size: 1.2em;\n  font-weight: 500;\n}\n.github-DotComMarkdownHtml h4 {\n  font-size: 1.1em;\n  font-weight: 600;\n}\n.github-DotComMarkdownHtml h5 {\n  font-size: 1em;\n  font-weight: 600;\n}\n.github-DotComMarkdownHtml h6 {\n  font-size: .9em;\n  font-weight: 600;\n}\n.github-DotComMarkdownHtml h2 {\n  padding-bottom: .25em;\n  margin-bottom: 0.5em;\n  border-bottom: 1px solid #181a1f;\n}\n.github-DotComMarkdownHtml strong {\n  color: #d7dae0;\n}\n.github-DotComMarkdownHtml del {\n  color: rgba(157, 165, 180, 0.6);\n}\n.github-DotComMarkdownHtml a,\n.github-DotComMarkdownHtml a code {\n  color: #6494ed;\n}\n.github-DotComMarkdownHtml img {\n  max-width: 100%;\n}\n.github-DotComMarkdownHtml > p {\n  margin-top: 0;\n  margin-bottom: 1em;\n}\n.github-DotComMarkdownHtml > ul,\n.github-DotComMarkdownHtml > ol {\n  margin-bottom: 1em;\n  padding-left: 2em;\n}\n.github-DotComMarkdownHtml li {\n  padding-top: .1em;\n  padding-bottom: .1em;\n}\n.github-DotComMarkdownHtml li li {\n  font-size: 1em;\n}\n.github-DotComMarkdownHtml .task-list-item {\n  position: relative;\n  list-style: none;\n}\n.github-DotComMarkdownHtml .task-list-item .task-list-item-checkbox {\n  position: absolute;\n  margin-left: -20px;\n}\n.github-DotComMarkdownHtml blockquote {\n  margin: 1em 0;\n  padding: .25em 1em;\n  font-size: inherit;\n  color: rgba(157, 165, 180, 0.6);\n  border-color: #181a1f;\n  border-width: 3px;\n}\n.github-DotComMarkdownHtml hr {\n  margin: 1.5em 25%;\n  border-top: 1px solid #181a1f;\n  background: none;\n}\n.github-DotComMarkdownHtml table {\n  margin: 1em 0;\n}\n.github-DotComMarkdownHtml th {\n  color: #d7dae0;\n}\n.github-DotComMarkdownHtml th,\n.github-DotComMarkdownHtml td {\n  padding: .66em 1em;\n  border: 1px solid #181a1f;\n}\n.github-DotComMarkdownHtml pre,\n.github-DotComMarkdownHtml code {\n  color: #d7dae0;\n  background-color: #31363f;\n}\n.github-DotComMarkdownHtml pre {\n  margin: 1em 0;\n}\n.github-DotComMarkdownHtml pre > code {\n  white-space: pre;\n}\n.github-DotComMarkdownHtml .highlight {\n  margin: 1em 0;\n}\n.github-DotComMarkdownHtml .highlight pre {\n  margin: 0;\n}\n.github-DotComMarkdownHtml kbd {\n  color: #d7dae0;\n  border: 1px solid #181a1f;\n  border-bottom: 2px solid #0b0c0e;\n  background-color: #31363f;\n}\n.github-DotComMarkdownHtml .issue-link {\n  color: rgba(157, 165, 180, 0.6);\n}\n.github-DotComMarkdownHtml .js-suggested-changes-blob {\n  margin: 1em 0;\n}\n.github-EmojiReactions:empty {\n  display: none;\n}\n.github-EmojiReactionsGroup {\n  margin-right: 20px;\n}\n","imports":[{"path":"static\\variables\\ui-variables.less","digest":"22956e6f6db30ab08c9f8dbc5a1bba7149ff2678"},{"path":"static\\variables\\syntax-variables.less","digest":"161404ff92113205d84a38441681ded1e4527102"},{"path":"node_modules\\github\\styles\\variables.less","digest":"c9eb75db5f3647898c9605e16775cc8ffcadf55e"},{"path":"static\\variables\\ui-variables.less","digest":"22956e6f6db30ab08c9f8dbc5a1bba7149ff2678"},{"path":"static\\variables\\syntax-variables.less","digest":"161404ff92113205d84a38441681ded1e4527102"},{"path":"node_modules\\one-dark-ui\\styles\\ui-variables.less","digest":"939d3fbe15b58314488f201da561d2d2c00768c3"},{"path":"node_modules\\one-dark-ui\\styles\\ui-variables-custom.less","digest":"457fe8030169bcd63e16828e946242049e38737d"},{"path":"node_modules\\one-dark-syntax\\styles\\syntax-variables.less","digest":"adddfa2302fe6b546da4ebe619742288126b1bc4"},{"path":"node_modules\\one-dark-syntax\\styles\\colors.less","digest":"09a7869efef21684b3da1ce77a799fa307bbc34f"},{"path":"node_modules\\one-dark-syntax\\styles\\syntax-variables.less","digest":"adddfa2302fe6b546da4ebe619742288126b1bc4"}],"version":1}