{"digest":"5b4a8fa3711d7110975c081ff97b3d2dcad2b6b9","css":".github-HunkHeaderView {\n  display: flex;\n  align-items: stretch;\n  font-size: 12px;\n  border: 1px solid #181a1f;\n  border-radius: 3px;\n  background-color: #282c34;\n  cursor: default;\n}\n.github-HunkHeaderView-title {\n  flex: 1;\n  line-height: 2.4;\n  padding: 0 10px;\n  color: rgba(157, 165, 180, 0.6);\n  overflow: hidden;\n  white-space: nowrap;\n  text-overflow: ellipsis;\n  -webkit-font-smoothing: antialiased;\n}\n.github-HunkHeaderView-title:hover {\n  background-color: #2d3139;\n}\n.github-HunkHeaderView-title:active {\n  background-color: #2b2f37;\n}\n.github-HunkHeaderView-stageButton,\n.github-HunkHeaderView-discardButton {\n  line-height: 1;\n  padding-left: 10px;\n  padding-right: 10px;\n  font-family: system-ui;\n  border: none;\n  border-left: inherit;\n  background-color: transparent;\n  cursor: default;\n}\n.github-HunkHeaderView-stageButton:hover,\n.github-HunkHeaderView-discardButton:hover {\n  background-color: #2d3139;\n}\n.github-HunkHeaderView-stageButton:active,\n.github-HunkHeaderView-discardButton:active {\n  background-color: #2b2f37;\n}\n.github-HunkHeaderView-stageButton .keystroke,\n.github-HunkHeaderView-discardButton .keystroke {\n  margin-right: 1em;\n}\n.github-HunkHeaderView-discardButton:before {\n  text-align: left;\n  width: auto;\n  vertical-align: 2px;\n}\n.github-HunkHeaderView-title:hover,\n.github-HunkHeaderView-stageButton:hover,\n.github-HunkHeaderView-discardButton:hover {\n  background-color: #2d3139;\n}\n.github-HunkHeaderView-title:active,\n.github-HunkHeaderView-stageButton:active,\n.github-HunkHeaderView-discardButton:active {\n  background-color: #2b2f37;\n}\n.github-HunkHeaderView--isSelected {\n  color: white;\n  background-color: #3a3f4b;\n  border-color: transparent;\n}\n.github-HunkHeaderView--isSelected .github-HunkHeaderView-title {\n  color: inherit;\n}\n.github-HunkHeaderView--isSelected .github-HunkHeaderView-title:hover,\n.github-HunkHeaderView--isSelected .github-HunkHeaderView-stageButton:hover,\n.github-HunkHeaderView--isSelected .github-HunkHeaderView-discardButton:hover {\n  background-color: #31363f;\n}\n.github-HunkHeaderView--isSelected .github-HunkHeaderView-title:active,\n.github-HunkHeaderView--isSelected .github-HunkHeaderView-stageButton:active,\n.github-HunkHeaderView--isSelected .github-HunkHeaderView-discardButton:active {\n  background-color: #3a3f4b;\n}\n.github-FilePatchView:focus-within .github-HunkHeaderView--isSelected {\n  color: #ffffff;\n  background-color: #4d78cc;\n}\n.github-FilePatchView:focus-within .github-HunkHeaderView--isSelected .github-HunkHeaderView-title:hover,\n.github-FilePatchView:focus-within .github-HunkHeaderView--isSelected .github-HunkHeaderView-stageButton:hover,\n.github-FilePatchView:focus-within .github-HunkHeaderView--isSelected .github-HunkHeaderView-discardButton:hover {\n  background-color: #5d84d1;\n}\n.github-FilePatchView:focus-within .github-HunkHeaderView--isSelected .github-HunkHeaderView-title:active,\n.github-FilePatchView:focus-within .github-HunkHeaderView--isSelected .github-HunkHeaderView-stageButton:active,\n.github-FilePatchView:focus-within .github-HunkHeaderView--isSelected .github-HunkHeaderView-discardButton:active {\n  background-color: #3d6bc8;\n}\n","imports":[{"path":"static\\variables\\ui-variables.less","digest":"22956e6f6db30ab08c9f8dbc5a1bba7149ff2678"},{"path":"static\\variables\\syntax-variables.less","digest":"161404ff92113205d84a38441681ded1e4527102"},{"path":"node_modules\\github\\styles\\variables.less","digest":"c9eb75db5f3647898c9605e16775cc8ffcadf55e"},{"path":"static\\variables\\ui-variables.less","digest":"22956e6f6db30ab08c9f8dbc5a1bba7149ff2678"},{"path":"static\\variables\\syntax-variables.less","digest":"161404ff92113205d84a38441681ded1e4527102"},{"path":"node_modules\\one-dark-ui\\styles\\ui-variables.less","digest":"939d3fbe15b58314488f201da561d2d2c00768c3"},{"path":"node_modules\\one-dark-ui\\styles\\ui-variables-custom.less","digest":"457fe8030169bcd63e16828e946242049e38737d"},{"path":"node_modules\\one-dark-syntax\\styles\\syntax-variables.less","digest":"adddfa2302fe6b546da4ebe619742288126b1bc4"},{"path":"node_modules\\one-dark-syntax\\styles\\colors.less","digest":"09a7869efef21684b3da1ce77a799fa307bbc34f"},{"path":"node_modules\\one-dark-syntax\\styles\\syntax-variables.less","digest":"adddfa2302fe6b546da4ebe619742288126b1bc4"}],"version":1}