{"digest":"8e02635aa2245c6b483dc75ba166eb986329ef84","css":".github-IssueishTooltip {\n  display: flex;\n  flex-direction: column;\n  padding: 5px;\n  font-size: .9em;\n  text-align: left;\n}\n.github-IssueishTooltip .issueish-avatar-and-title {\n  display: flex;\n  align-items: center;\n  margin: 5px;\n}\n.github-IssueishTooltip .author-avatar {\n  margin-right: 10px;\n  flex: 0 0 26px;\n  width: 26px;\n  height: 26px;\n  align-self: flex-start;\n  border-radius: 3px;\n}\n.github-IssueishTooltip .issueish-title {\n  margin: 0;\n  font-size: 1.25em;\n  font-weight: 600;\n  line-height: 1.3;\n  color: #d7dae0;\n  white-space: initial;\n}\n.github-IssueishTooltip .issueish-badge-and-link {\n  margin: 5px;\n}\n.github-IssueishTooltip .issueish-badge {\n  margin-right: 10px;\n  font-weight: 500;\n  text-transform: capitalize;\n  border-radius: 3px;\n}\n.github-IssueishTooltip .issueish-badge.open {\n  color: white;\n  background-color: #28a745;\n}\n.github-IssueishTooltip .issueish-badge.closed {\n  color: white;\n  background-color: #dc3545;\n}\n.github-IssueishTooltip .issueish-badge.merged {\n  color: white;\n  background-color: #6f42c1;\n}\n.github-IssueishTooltip .issueish-badge .icon:before {\n  width: auto;\n  font-size: 14px;\n  vertical-align: -1px;\n}\n.github-IssueishTooltip .issueish-link {\n  color: rgba(157, 165, 180, 0.6);\n}\n","imports":[{"path":"static\\variables\\ui-variables.less","digest":"22956e6f6db30ab08c9f8dbc5a1bba7149ff2678"},{"path":"static\\variables\\syntax-variables.less","digest":"161404ff92113205d84a38441681ded1e4527102"},{"path":"node_modules\\github\\styles\\variables.less","digest":"c9eb75db5f3647898c9605e16775cc8ffcadf55e"},{"path":"static\\variables\\ui-variables.less","digest":"22956e6f6db30ab08c9f8dbc5a1bba7149ff2678"},{"path":"static\\variables\\syntax-variables.less","digest":"161404ff92113205d84a38441681ded1e4527102"},{"path":"node_modules\\one-dark-ui\\styles\\ui-variables.less","digest":"939d3fbe15b58314488f201da561d2d2c00768c3"},{"path":"node_modules\\one-dark-ui\\styles\\ui-variables-custom.less","digest":"457fe8030169bcd63e16828e946242049e38737d"},{"path":"node_modules\\one-dark-syntax\\styles\\syntax-variables.less","digest":"adddfa2302fe6b546da4ebe619742288126b1bc4"},{"path":"node_modules\\one-dark-syntax\\styles\\colors.less","digest":"09a7869efef21684b3da1ce77a799fa307bbc34f"},{"path":"node_modules\\one-dark-syntax\\styles\\syntax-variables.less","digest":"adddfa2302fe6b546da4ebe619742288126b1bc4"}],"version":1}