{"digest":"0eeda29b0b1344b3af0fa6977304ba9cd892698a","css":".github-IssueishDetailView {\n  position: absolute;\n  top: 0;\n  right: 0;\n  bottom: 0;\n  left: 0;\n  background-color: #282c34;\n}\n.github-IssueishDetailView-container {\n  display: flex;\n  flex-direction: column;\n  height: 100%;\n}\n.github-IssueishDetailView-header {\n  display: flex;\n  align-items: center;\n  padding: 15px 20px;\n  border-bottom: 1px solid #181a1f;\n}\n.github-IssueishDetailView-headerColumn.is-flexible {\n  flex: 1;\n  display: flex;\n  flex-wrap: wrap;\n}\n.github-IssueishDetailView-headerRow {\n  display: flex;\n  align-items: center;\n  flex-wrap: wrap;\n  margin: 2px 0;\n}\n.github-IssueishDetailView-headerRow.is-fullwidth {\n  flex: 1 1 100%;\n}\n.github-IssueishDetailView-avatar {\n  align-self: flex-start;\n  margin-right: 10px;\n}\n.github-IssueishDetailView-title {\n  margin: 0;\n  font-size: 1.25em;\n  font-weight: 500;\n  line-height: 1.3;\n  color: #d7dae0;\n}\n.github-IssueishDetailView-title:hover,\n.github-IssueishDetailView-title:focus {\n  text-decoration: none;\n}\n.github-IssueishDetailView-headerBadge {\n  margin-right: 10px;\n  padding: 0 0.75em;\n  line-height: 1.65em;\n}\n.github-IssueishDetailView-headerLink {\n  color: rgba(157, 165, 180, 0.6);\n}\n.github-IssueishDetailView-headerStatus {\n  margin-left: 10px;\n}\n.github-IssueishDetailView-checkoutButton {\n  font-weight: 600;\n  margin-left: 10px;\n}\n.github-IssueishDetailView-headerRefreshButton {\n  display: inline-block;\n  margin-right: 10px;\n  color: rgba(157, 165, 180, 0.6);\n  cursor: pointer;\n}\n.github-IssueishDetailView-headerRefreshButton::before {\n  display: block;\n  width: 16px;\n  height: 16px;\n  line-height: .9;\n  margin-right: 0;\n  text-align: center;\n}\n.github-IssueishDetailView-headerRefreshButton.refreshing::before {\n  animation: github-IssueishDetailView-headerRefreshButtonAnimation 2s linear 30;\n}\n@keyframes github-IssueishDetailView-headerRefreshButtonAnimation {\n  100% {\n    transform: rotate(360deg);\n  }\n}\n.github-IssueishDetailView-avatarImage {\n  width: 40px;\n  height: 40px;\n  border-radius: 3px;\n}\n.github-IssueishDetailView-meta {\n  color: rgba(157, 165, 180, 0.6);\n}\n.github-IssueishDetailView-metaAuthor {\n  color: inherit;\n}\n.github-IssueishDetailView-footer {\n  padding: 10px;\n  text-align: center;\n  border-top: 1px solid #181a1f;\n  background-color: #21252b;\n}\n.github-IssueishDetailView-footerLink.icon {\n  color: rgba(157, 165, 180, 0.6);\n}\n.github-IssueishDetailView-footerLink.icon:before {\n  vertical-align: -2px;\n}\n.github-IssueishDetailView-overview {\n  max-width: 60em;\n  margin: 0 auto;\n}\n.github-IssueishDetailView-overview > .github-DotComMarkdownHtml {\n  padding: 20px;\n}\n.github-IssueishDetailView .github-EmojiReactions {\n  padding: 0 20px 10px 20px;\n}\n.github-IssueishDetailView-buildStatus {\n  padding: 20px;\n}\n.github-IssueishDetailView-buildStatus:empty {\n  display: none;\n}\n.github-IssueishDetailView .github-PrCommitsView-commitWrapper {\n  padding: 20px;\n}\n.github-IssueishDetailView-issueBody {\n  flex: 1;\n  overflow: auto;\n}\n.github-IssueishDetailView-issueBody > .github-DotComMarkdownHtml {\n  padding: 20px;\n}\n","imports":[{"path":"static\\variables\\ui-variables.less","digest":"22956e6f6db30ab08c9f8dbc5a1bba7149ff2678"},{"path":"static\\variables\\syntax-variables.less","digest":"161404ff92113205d84a38441681ded1e4527102"},{"path":"node_modules\\github\\styles\\variables.less","digest":"c9eb75db5f3647898c9605e16775cc8ffcadf55e"},{"path":"static\\variables\\ui-variables.less","digest":"22956e6f6db30ab08c9f8dbc5a1bba7149ff2678"},{"path":"static\\variables\\syntax-variables.less","digest":"161404ff92113205d84a38441681ded1e4527102"},{"path":"node_modules\\one-dark-ui\\styles\\ui-variables.less","digest":"939d3fbe15b58314488f201da561d2d2c00768c3"},{"path":"node_modules\\one-dark-ui\\styles\\ui-variables-custom.less","digest":"457fe8030169bcd63e16828e946242049e38737d"},{"path":"node_modules\\one-dark-syntax\\styles\\syntax-variables.less","digest":"adddfa2302fe6b546da4ebe619742288126b1bc4"},{"path":"node_modules\\one-dark-syntax\\styles\\colors.less","digest":"09a7869efef21684b3da1ce77a799fa307bbc34f"},{"path":"node_modules\\one-dark-syntax\\styles\\syntax-variables.less","digest":"adddfa2302fe6b546da4ebe619742288126b1bc4"}],"version":1}