{"digest":"47ec5ae097d2268ffef8d3b87e20178b512f9cbe","css":".github-IssueishBadge {\n  display: inline-block;\n  padding: 0.26666667em 0.4em;\n  font-size: .9em;\n  font-weight: 500;\n  line-height: 1;\n  text-transform: capitalize;\n  border-radius: 3px;\n  white-space: nowrap;\n}\n.github-IssueishBadge .icon::before {\n  font-size: inherit;\n  width: auto;\n  height: auto;\n  margin-right: 0.2em;\n}\n.github-IssueishBadge.open {\n  color: white;\n  background-color: #28a745;\n}\n.github-IssueishBadge.closed {\n  color: white;\n  background-color: #dc3545;\n}\n.github-IssueishBadge.merged {\n  color: white;\n  background-color: #6f42c1;\n}\n","imports":[{"path":"static\\variables\\ui-variables.less","digest":"22956e6f6db30ab08c9f8dbc5a1bba7149ff2678"},{"path":"static\\variables\\syntax-variables.less","digest":"161404ff92113205d84a38441681ded1e4527102"},{"path":"node_modules\\github\\styles\\variables.less","digest":"c9eb75db5f3647898c9605e16775cc8ffcadf55e"},{"path":"static\\variables\\ui-variables.less","digest":"22956e6f6db30ab08c9f8dbc5a1bba7149ff2678"},{"path":"static\\variables\\syntax-variables.less","digest":"161404ff92113205d84a38441681ded1e4527102"},{"path":"node_modules\\one-dark-ui\\styles\\ui-variables.less","digest":"939d3fbe15b58314488f201da561d2d2c00768c3"},{"path":"node_modules\\one-dark-ui\\styles\\ui-variables-custom.less","digest":"457fe8030169bcd63e16828e946242049e38737d"},{"path":"node_modules\\one-dark-syntax\\styles\\syntax-variables.less","digest":"adddfa2302fe6b546da4ebe619742288126b1bc4"},{"path":"node_modules\\one-dark-syntax\\styles\\colors.less","digest":"09a7869efef21684b3da1ce77a799fa307bbc34f"},{"path":"node_modules\\one-dark-syntax\\styles\\syntax-variables.less","digest":"adddfa2302fe6b546da4ebe619742288126b1bc4"}],"version":1}