{"digest":"700ee61a73bddf37a79be53b2ae14017db2d1229","css":".github-IssueishList-item {\n  margin: 2.5px;\n}\n.github-IssueishList-item--avatar {\n  border-radius: 3px;\n  height: 16px;\n  width: 16px;\n}\n.github-IssueishList-item--title {\n  flex: 1;\n  text-overflow: ellipsis;\n  white-space: nowrap;\n  overflow: hidden;\n}\n.github-IssueishList-item--number {\n  font-size: .9em;\n  color: rgba(157, 165, 180, 0.6);\n}\n.github-IssueishList-item--status {\n  text-align: center;\n}\n.github-IssueishList-item--status:before {\n  margin-right: 0;\n  width: 20px;\n}\n.github-IssueishList-item--status.icon-check {\n  color: #73c990;\n}\n.github-IssueishList-item--status.icon-x {\n  color: #ff6347;\n}\n.github-IssueishList-item--status.icon-dash {\n  color: rgba(157, 165, 180, 0.6);\n}\nsvg.github-IssueishList-item--status {\n  height: 20px;\n  width: 20px;\n}\nsvg.github-IssueishList-item--status circle {\n  cx: 10px;\n  cy: 10px;\n  r: 5.5;\n  stroke-width: 3;\n}\n.github-IssueishList-item--age {\n  color: rgba(157, 165, 180, 0.6);\n  font-size: .9em;\n  margin-left: 0;\n  min-width: 3ch;\n  text-align: center;\n}\n.github-IssueishList-item--menu {\n  color: rgba(157, 165, 180, 0.6);\n  line-height: 1;\n}\n.github-IssueishList-more {\n  padding: 5px;\n  display: flex;\n  flex-direction: row;\n  justify-content: center;\n  border-top: 1px solid #181a1f;\n}\n.github-IssueishList-more a {\n  font-style: italic;\n  color: rgba(157, 165, 180, 0.6);\n}\n.github-IssueishList-loading {\n  padding: 5px;\n  min-height: 29px;\n  font-style: italic;\n  text-align: center;\n  color: rgba(157, 165, 180, 0.6);\n}\n.github-CreatePullRequestTile-message,\n.github-CreatePullRequestTile-controls {\n  padding: 10px;\n  text-align: center;\n  margin-bottom: 0;\n}\n.github-CreatePullRequestTile-message + .github-CreatePullRequestTile-controls {\n  border-top: 1px solid #181a1f;\n}\n.github-CreatePullRequestTile-message .icon {\n  vertical-align: middle;\n}\n.github-CreatePullRequestTile-message .icon:before {\n  width: auto;\n}\n.github-CreatePullRequestTile-divider {\n  margin: 8px 20%;\n  border-color: #181a1f;\n}\n.github-CreatePullRequestTile-createPr {\n  width: 100%;\n}\n.github-QueryErrorTile {\n  padding: 10px;\n  display: flex;\n  color: #ff6347;\n}\n.github-QueryErrorTile-messages {\n  display: flex;\n  flex-direction: column;\n  flex-grow: 1;\n}\n.github-QueryErrorTile .icon-alert {\n  vertical-align: text-top;\n}\n.github-QueryErrorTile-message {\n  font-weight: bold;\n}\n","imports":[{"path":"static\\variables\\ui-variables.less","digest":"22956e6f6db30ab08c9f8dbc5a1bba7149ff2678"},{"path":"static\\variables\\syntax-variables.less","digest":"161404ff92113205d84a38441681ded1e4527102"},{"path":"node_modules\\github\\styles\\variables.less","digest":"c9eb75db5f3647898c9605e16775cc8ffcadf55e"},{"path":"static\\variables\\ui-variables.less","digest":"22956e6f6db30ab08c9f8dbc5a1bba7149ff2678"},{"path":"static\\variables\\syntax-variables.less","digest":"161404ff92113205d84a38441681ded1e4527102"},{"path":"node_modules\\one-dark-ui\\styles\\ui-variables.less","digest":"939d3fbe15b58314488f201da561d2d2c00768c3"},{"path":"node_modules\\one-dark-ui\\styles\\ui-variables-custom.less","digest":"457fe8030169bcd63e16828e946242049e38737d"},{"path":"node_modules\\one-dark-syntax\\styles\\syntax-variables.less","digest":"adddfa2302fe6b546da4ebe619742288126b1bc4"},{"path":"node_modules\\one-dark-syntax\\styles\\colors.less","digest":"09a7869efef21684b3da1ce77a799fa307bbc34f"},{"path":"node_modules\\one-dark-syntax\\styles\\syntax-variables.less","digest":"adddfa2302fe6b546da4ebe619742288126b1bc4"}],"version":1}