{"digest":"fcfbd015c3136813441bacb738856357318e1533","css":"/* Usage: ---------------------------------------------\n\n<div className=\"github-Loader\">\n  <span className=\"github-Spinner\"></span>\n</div>\n\n--------------------------------------------------- */\n.github-Loader {\n  height: 100%;\n  display: flex;\n  align-items: center;\n  justify-content: center;\n  font-size: 32px;\n  color: #6f42c1;\n}\n.tooltip .github-Loader {\n  color: inherit;\n}\n.github-Spinner {\n  position: relative;\n  display: inline-block;\n  vertical-align: middle;\n  width: 2em;\n  height: 2em;\n}\n.github-Spinner::before {\n  display: inline-block;\n  width: inherit;\n  height: inherit;\n  content: \"\\f008\";\n  font-family: 'Octicons Regular';\n  font-weight: normal;\n  font-style: normal;\n  line-height: 2;\n  text-align: center;\n  -webkit-font-smoothing: antialiased;\n}\n.github-Spinner::after {\n  content: \"\";\n  position: absolute;\n  width: inherit;\n  height: inherit;\n  top: 0;\n  left: 0;\n  border-right: 2px dotted;\n  border-bottom: 2px dotted;\n  border-left: 2px solid transparent;\n  border-radius: 1em;\n  animation: github-Spinner-animation 4s linear 12, github-Spinner-animation 4s 48s steps(12) 100;\n}\n@keyframes github-Spinner-animation {\n  100% {\n    transform: rotate(360deg);\n  }\n}\n","imports":[{"path":"static\\variables\\ui-variables.less","digest":"22956e6f6db30ab08c9f8dbc5a1bba7149ff2678"},{"path":"static\\variables\\syntax-variables.less","digest":"161404ff92113205d84a38441681ded1e4527102"},{"path":"node_modules\\github\\styles\\variables.less","digest":"c9eb75db5f3647898c9605e16775cc8ffcadf55e"},{"path":"static\\variables\\ui-variables.less","digest":"22956e6f6db30ab08c9f8dbc5a1bba7149ff2678"},{"path":"static\\variables\\syntax-variables.less","digest":"161404ff92113205d84a38441681ded1e4527102"},{"path":"node_modules\\one-dark-ui\\styles\\ui-variables.less","digest":"939d3fbe15b58314488f201da561d2d2c00768c3"},{"path":"node_modules\\one-dark-ui\\styles\\ui-variables-custom.less","digest":"457fe8030169bcd63e16828e946242049e38737d"},{"path":"node_modules\\one-dark-syntax\\styles\\syntax-variables.less","digest":"adddfa2302fe6b546da4ebe619742288126b1bc4"},{"path":"node_modules\\one-dark-syntax\\styles\\colors.less","digest":"09a7869efef21684b3da1ce77a799fa307bbc34f"},{"path":"node_modules\\one-dark-syntax\\styles\\syntax-variables.less","digest":"adddfa2302fe6b546da4ebe619742288126b1bc4"}],"version":1}