{"digest":"eecefdbd9802f3b262fb298c0cd33df0ba151bd2","css":"/* Usage: ---------------------------------------------\n\n<div className=\"github-Message\">\n  <div className=\"github-Message-wrapper\">\n    <h1 className=\"github-Message-title\">Whooops</h1>\n    <p className=\"github-Message-description\">Bad things happened</p>\n    <p className=\"github-Message-action\">\n      <button className=\"github-Message-button btn btn-primary\">Get me out of here</button>\n    </p>\n  </div>\n</div>\n\n--------------------------------------------------- */\n.github-Message {\n  flex: 1;\n  display: flex;\n  overflow-x: hidden;\n  overflow-y: auto;\n}\n.github-Message-wrapper {\n  margin: auto;\n  padding: 20px;\n  text-align: center;\n  width: 100%;\n}\n.github-Message-title {\n  color: #d7dae0;\n  font-size: 1.5em;\n  margin-bottom: .5em;\n}\n.github-Message-description {\n  font-size: 1.2em;\n  line-height: 1.4;\n  margin-bottom: 0;\n}\npre.github-Message-description {\n  text-align: left;\n}\n.github-Message-longDescription {\n  font-size: 1.1em;\n  line-height: 1.4;\n  text-align: left;\n  margin-bottom: 0;\n}\n.github-Message-action {\n  margin-top: 20px;\n}\n.github-Message-button {\n  margin: 5px;\n}\n","imports":[{"path":"static\\variables\\ui-variables.less","digest":"22956e6f6db30ab08c9f8dbc5a1bba7149ff2678"},{"path":"static\\variables\\syntax-variables.less","digest":"161404ff92113205d84a38441681ded1e4527102"},{"path":"node_modules\\github\\styles\\variables.less","digest":"c9eb75db5f3647898c9605e16775cc8ffcadf55e"},{"path":"static\\variables\\ui-variables.less","digest":"22956e6f6db30ab08c9f8dbc5a1bba7149ff2678"},{"path":"static\\variables\\syntax-variables.less","digest":"161404ff92113205d84a38441681ded1e4527102"},{"path":"node_modules\\one-dark-ui\\styles\\ui-variables.less","digest":"939d3fbe15b58314488f201da561d2d2c00768c3"},{"path":"node_modules\\one-dark-ui\\styles\\ui-variables-custom.less","digest":"457fe8030169bcd63e16828e946242049e38737d"},{"path":"node_modules\\one-dark-syntax\\styles\\syntax-variables.less","digest":"adddfa2302fe6b546da4ebe619742288126b1bc4"},{"path":"node_modules\\one-dark-syntax\\styles\\colors.less","digest":"09a7869efef21684b3da1ce77a799fa307bbc34f"},{"path":"node_modules\\one-dark-syntax\\styles\\syntax-variables.less","digest":"adddfa2302fe6b546da4ebe619742288126b1bc4"}],"version":1}