{"digest":"dec88bc582ca128c28366e197b5251a8ab0ac951","css":".github-PrCommentThread {\n  padding: 10px 10px 10px 0;\n}\n.github-PrComment {\n  max-width: 60em;\n  padding: 10px;\n  font-family: system-ui;\n  font-size: 12px;\n  border: 1px solid #181a1f;\n}\n.github-PrComment:first-child {\n  border-top-left-radius: 3px;\n  border-top-right-radius: 3px;\n}\n.github-PrComment:last-child {\n  border-bottom-left-radius: 3px;\n  border-bottom-right-radius: 3px;\n}\n.github-PrComment + .github-PrComment {\n  border-top: none;\n}\n.github-PrComment-header {\n  color: rgba(157, 165, 180, 0.6);\n  line-height: 16px;\n}\n.github-PrComment-avatar {\n  margin-right: 6px;\n  height: 16px;\n  width: 16px;\n  border-radius: 3px;\n  vertical-align: top;\n}\n.github-PrComment-timeAgo {\n  color: inherit;\n}\n.github-PrComment-body {\n  margin-left: 22px;\n}\n.github-PrComment-hidden {\n  font-size: 14px;\n}\n.github-PrComment-icon {\n  vertical-align: middle;\n}\n.github-PrComment .js-suggested-changes-blob {\n  font-size: .9em;\n  border: 1px solid #181a1f;\n  border-radius: 3px;\n}\n.github-PrComment .js-suggested-changes-blob .d-flex {\n  display: flex;\n}\n.github-PrComment .js-suggested-changes-blob .d-inline-block {\n  display: inline-block;\n}\n.github-PrComment .js-suggested-changes-blob .flex-auto {\n  flex: 1 1 auto;\n}\n.github-PrComment .js-suggested-changes-blob .p-1 {\n  padding: 5px;\n}\n.github-PrComment .js-suggested-changes-blob .px-1 {\n  padding-left: 5px;\n  padding-right: 5px;\n}\n.github-PrComment .js-suggested-changes-blob .p-2 {\n  padding: 10px;\n}\n.github-PrComment .js-suggested-changes-blob .text-gray {\n  color: rgba(157, 165, 180, 0.6);\n}\n.github-PrComment .js-suggested-changes-blob .lh-condensed {\n  line-height: 1.25;\n}\n.github-PrComment .js-suggested-changes-blob .rounded-1 {\n  border-radius: 3px;\n}\n.github-PrComment .js-suggested-changes-blob .border {\n  border: 1px solid;\n}\n.github-PrComment .js-suggested-changes-blob .border-bottom {\n  border-bottom: 1px solid #181a1f;\n}\n.github-PrComment .js-suggested-changes-blob .border-green {\n  border-color: #73c990;\n}\n.github-PrComment .js-suggested-changes-blob .octicon {\n  vertical-align: -4px;\n  fill: currentColor;\n}\n.github-PrComment .js-suggested-changes-blob .blob-wrapper > table {\n  width: 100%;\n  margin: 0;\n  font-family: var(--editor-font-family);\n  font-size: var(--editor-font-size);\n  line-height: var(--editor-line-height);\n}\n.github-PrComment .js-suggested-changes-blob .blob-wrapper > table td {\n  border: none;\n  padding: 0 .5em;\n}\n.github-PrComment .js-suggested-changes-blob .blob-num {\n  padding: 0 .5em;\n  color: rgba(157, 165, 180, 0.6);\n}\n.github-PrComment .js-suggested-changes-blob .blob-num:before {\n  content: attr(data-line-number);\n}\n.github-PrComment .js-suggested-changes-blob .blob-num-addition {\n  background-color: rgba(26, 255, 91, 0.25);\n}\n.github-PrComment .js-suggested-changes-blob .blob-num-deletion {\n  background-color: rgba(255, 82, 102, 0.25);\n}\n.github-PrComment .js-suggested-changes-blob .blob-code-inner:before {\n  margin-right: .5em;\n}\n.github-PrComment .js-suggested-changes-blob .blob-code-inner .x-first {\n  border-bottom-left-radius: 3px;\n  border-top-left-radius: 3px;\n}\n.github-PrComment .js-suggested-changes-blob .blob-code-inner .x-last {\n  border-bottom-right-radius: 3px;\n  border-top-right-radius: 3px;\n}\n.github-PrComment .js-suggested-changes-blob .blob-code-addition {\n  background-color: rgba(26, 255, 91, 0.15);\n}\n.github-PrComment .js-suggested-changes-blob .blob-code-addition:before {\n  content: \"+\";\n}\n.github-PrComment .js-suggested-changes-blob .blob-code-addition .x {\n  background-color: rgba(56, 224, 98, 0.25);\n}\n.github-PrComment .js-suggested-changes-blob .blob-code-deletion {\n  background-color: rgba(255, 82, 102, 0.15);\n}\n.github-PrComment .js-suggested-changes-blob .blob-code-deletion:before {\n  content: \"-\";\n}\n.github-PrComment .js-suggested-changes-blob .blob-code-deletion .x {\n  background-color: rgba(251, 86, 105, 0.25);\n}\n.github-PrComment .js-suggested-changes-blob .tooltipped {\n  position: relative;\n}\n.github-PrComment .js-suggested-changes-blob .tooltipped::after {\n  position: absolute;\n  z-index: 1000000;\n  display: none;\n  width: max-content;\n  max-width: 22em;\n  padding: .5em .6em;\n  font-weight: 500;\n  color: #282c34;\n  text-align: center;\n  pointer-events: none;\n  content: attr(aria-label);\n  background: #0f82e6;\n  border-radius: 3px;\n}\n.github-PrComment .js-suggested-changes-blob .tooltipped::before {\n  position: absolute;\n  z-index: 1000001;\n  display: none;\n  width: 0;\n  height: 0;\n  color: #0f82e6;\n  pointer-events: none;\n  content: \"\";\n  border: 6px solid transparent;\n}\n.github-PrComment .js-suggested-changes-blob .tooltipped:hover::before,\n.github-PrComment .js-suggested-changes-blob .tooltipped:active::before,\n.github-PrComment .js-suggested-changes-blob .tooltipped:focus::before,\n.github-PrComment .js-suggested-changes-blob .tooltipped:hover::after,\n.github-PrComment .js-suggested-changes-blob .tooltipped:active::after,\n.github-PrComment .js-suggested-changes-blob .tooltipped:focus::after {\n  display: inline-block;\n  text-decoration: none;\n}\n.github-PrComment .js-suggested-changes-blob .tooltipped::after {\n  top: 100%;\n  right: 50%;\n  margin-top: 6px;\n}\n.github-PrComment .js-suggested-changes-blob .tooltipped::before {\n  top: auto;\n  right: 50%;\n  bottom: -7px;\n  margin-right: -6px;\n  border-bottom-color: #0f82e6;\n}\n.github-PrComment .js-suggested-changes-blob .tooltipped::after {\n  transform: translateX(50%);\n}\n","imports":[{"path":"static\\variables\\ui-variables.less","digest":"22956e6f6db30ab08c9f8dbc5a1bba7149ff2678"},{"path":"static\\variables\\syntax-variables.less","digest":"161404ff92113205d84a38441681ded1e4527102"},{"path":"node_modules\\github\\styles\\variables.less","digest":"c9eb75db5f3647898c9605e16775cc8ffcadf55e"},{"path":"static\\variables\\ui-variables.less","digest":"22956e6f6db30ab08c9f8dbc5a1bba7149ff2678"},{"path":"static\\variables\\syntax-variables.less","digest":"161404ff92113205d84a38441681ded1e4527102"},{"path":"node_modules\\one-dark-ui\\styles\\ui-variables.less","digest":"939d3fbe15b58314488f201da561d2d2c00768c3"},{"path":"node_modules\\one-dark-ui\\styles\\ui-variables-custom.less","digest":"457fe8030169bcd63e16828e946242049e38737d"},{"path":"node_modules\\one-dark-syntax\\styles\\syntax-variables.less","digest":"adddfa2302fe6b546da4ebe619742288126b1bc4"},{"path":"node_modules\\one-dark-syntax\\styles\\colors.less","digest":"09a7869efef21684b3da1ce77a799fa307bbc34f"},{"path":"node_modules\\one-dark-syntax\\styles\\syntax-variables.less","digest":"adddfa2302fe6b546da4ebe619742288126b1bc4"}],"version":1}