{"digest":"118a5da77647865a0ccc7dce4494103e94bf99cb","css":".github-PushPullMenuView-selector {\n  display: flex;\n  align-items: center;\n}\n.github-PushPullMenuView-item {\n  margin: 5px;\n}\n.github-PushPullMenuView-item.is-flexible {\n  flex: 1;\n}\n.github-PushPullMenuView .icon-mark-github::before {\n  margin-right: 0;\n  color: rgba(157, 165, 180, 0.6);\n}\n.github-PushPullMenuView .btn-group {\n  display: flex;\n}\n.github-PushPullMenuView .btn-group .btn {\n  flex: 1;\n}\n.github-PushPullMenuView .btn-tooltip-wrapper .icon {\n  pointer-events: none;\n}\n.github-PushPullMenuView-message {\n  max-height: 4.8em;\n  margin: 5px;\n  padding: 5px;\n  line-height: 1.4;\n  white-space: normal;\n  text-align: left;\n  overflow-y: auto;\n  border: 1px solid #181a1f;\n  border-radius: 3px;\n  background-color: #31363f;\n}\n.github-PushPullMenuView-message:empty {\n  display: none;\n}\n.github-PushPullMenuView.in-progress .icon-mark-github {\n  position: relative;\n  color: #9da5b4;\n}\n.github-PushPullMenuView.in-progress .icon-mark-github:before {\n  color: inherit;\n}\n.github-PushPullMenuView.in-progress .icon-mark-github:after {\n  content: \"\";\n  position: absolute;\n  top: -4px;\n  left: -4px;\n  width: 24px;\n  height: 24px;\n  border-top: 2px dotted;\n  border-right: 2px dotted;\n  border-bottom: 2px dotted transparent;\n  border-radius: 16px;\n  -webkit-animation: github-PushPullMenuView-animation 2s linear 12, github-PushPullMenuView-animation 4s 24s steps(12) 100;\n}\n@-webkit-keyframes github-PushPullMenuView-animation {\n  100% {\n    transform: rotate(360deg);\n  }\n}\n","imports":[{"path":"static\\variables\\ui-variables.less","digest":"22956e6f6db30ab08c9f8dbc5a1bba7149ff2678"},{"path":"static\\variables\\syntax-variables.less","digest":"161404ff92113205d84a38441681ded1e4527102"},{"path":"node_modules\\github\\styles\\variables.less","digest":"c9eb75db5f3647898c9605e16775cc8ffcadf55e"},{"path":"static\\variables\\ui-variables.less","digest":"22956e6f6db30ab08c9f8dbc5a1bba7149ff2678"},{"path":"static\\variables\\syntax-variables.less","digest":"161404ff92113205d84a38441681ded1e4527102"},{"path":"node_modules\\one-dark-ui\\styles\\ui-variables.less","digest":"939d3fbe15b58314488f201da561d2d2c00768c3"},{"path":"node_modules\\one-dark-ui\\styles\\ui-variables-custom.less","digest":"457fe8030169bcd63e16828e946242049e38737d"},{"path":"node_modules\\one-dark-syntax\\styles\\syntax-variables.less","digest":"adddfa2302fe6b546da4ebe619742288126b1bc4"},{"path":"node_modules\\one-dark-syntax\\styles\\colors.less","digest":"09a7869efef21684b3da1ce77a799fa307bbc34f"},{"path":"node_modules\\one-dark-syntax\\styles\\syntax-variables.less","digest":"adddfa2302fe6b546da4ebe619742288126b1bc4"}],"version":1}