{"digest":"b0ca79bd3fbb521c0f1bdba280554bb8a0b64802","css":".github-RecentCommits {\n  max-height: 89px;\n  overflow-x: hidden;\n  overflow-y: auto;\n  border-top: 1px solid #181a1f;\n}\n.github-RecentCommits-list {\n  margin: 0;\n  padding: 5px 0;\n  list-style: none;\n}\n.github-RecentCommits-message {\n  padding: 5px 10px;\n  text-align: center;\n  color: rgba(157, 165, 180, 0.6);\n}\n.github-RecentCommit {\n  position: relative;\n  display: flex;\n  align-items: center;\n  padding: 0 10px;\n  line-height: 26px;\n}\n.github-RecentCommit-authors {\n  position: absolute;\n  display: flex;\n}\n.github-RecentCommit-avatar {\n  position: relative;\n  margin-right: -13px;\n  width: 16px;\n  height: 16px;\n  border-radius: 3px;\n  color: transparent;\n  background-color: #393e47;\n  box-shadow: 1px 0 #282c34;\n  overflow: hidden;\n  transition: margin 0.12s cubic-bezier(0.5, 0.1, 0, 1);\n}\n.github-RecentCommit-avatar:nth-child(1) {\n  z-index: 3;\n}\n.github-RecentCommit-avatar:nth-child(2) {\n  z-index: 2;\n  opacity: .7;\n}\n.github-RecentCommit-avatar:nth-child(3) {\n  z-index: 1;\n  opacity: .4;\n}\n.github-RecentCommit-avatar:nth-child(n+4) {\n  display: none;\n}\n.github-RecentCommit-avatar:only-child,\n.github-RecentCommit-avatar:last-child {\n  box-shadow: none;\n}\n.github-RecentCommit-authors:hover .github-RecentCommit-avatar {\n  display: inline-block;\n  margin-right: 1px;\n  opacity: 1;\n}\n.github-RecentCommit-message {\n  flex: 1;\n  margin: 0 .5em;\n  margin-left: 26px;\n  text-overflow: ellipsis;\n  white-space: nowrap;\n  overflow: hidden;\n}\n.github-RecentCommit-undoButton.btn {\n  padding: 0 6.66666667px;\n  margin-right: 5px;\n  height: 20px;\n  line-height: 1;\n  font-size: .9em;\n}\n.github-RecentCommit-time {\n  color: rgba(157, 165, 180, 0.6);\n}\n.github-RecentCommit:hover {\n  color: #d7dae0;\n  background: #31363f;\n}\n.github-RecentCommit.is-selected {\n  color: white;\n  background: #3a3f4b;\n}\n.github-RecentCommits:focus .github-RecentCommit.is-selected {\n  color: #ffffff;\n  background: #4d78cc;\n}\n@media (min-height: 900px) {\n  .github-RecentCommits {\n    max-height: 141px;\n  }\n}\n@media (min-height: 1200px) {\n  .github-RecentCommits {\n    max-height: 271px;\n  }\n}\n","imports":[{"path":"static\\variables\\ui-variables.less","digest":"22956e6f6db30ab08c9f8dbc5a1bba7149ff2678"},{"path":"static\\variables\\syntax-variables.less","digest":"161404ff92113205d84a38441681ded1e4527102"},{"path":"node_modules\\github\\styles\\variables.less","digest":"c9eb75db5f3647898c9605e16775cc8ffcadf55e"},{"path":"static\\variables\\ui-variables.less","digest":"22956e6f6db30ab08c9f8dbc5a1bba7149ff2678"},{"path":"static\\variables\\syntax-variables.less","digest":"161404ff92113205d84a38441681ded1e4527102"},{"path":"node_modules\\one-dark-ui\\styles\\ui-variables.less","digest":"939d3fbe15b58314488f201da561d2d2c00768c3"},{"path":"node_modules\\one-dark-ui\\styles\\ui-variables-custom.less","digest":"457fe8030169bcd63e16828e946242049e38737d"},{"path":"node_modules\\one-dark-syntax\\styles\\syntax-variables.less","digest":"adddfa2302fe6b546da4ebe619742288126b1bc4"},{"path":"node_modules\\one-dark-syntax\\styles\\colors.less","digest":"09a7869efef21684b3da1ce77a799fa307bbc34f"},{"path":"node_modules\\one-dark-syntax\\styles\\syntax-variables.less","digest":"adddfa2302fe6b546da4ebe619742288126b1bc4"}],"version":1}