{"digest":"19a43b97680d742c7b3d7f07ce7b29cef8524712","css":".github-ReviewsFooterView {\n  margin-right: auto;\n}\n.github-ReviewsFooterView-footer {\n  display: flex;\n  align-items: center;\n  padding: 10px;\n  border-top: 1px solid #181a1f;\n  background-color: #21252b;\n}\n.github-ReviewsFooterView-footerTitle {\n  font-size: 1.4em;\n  margin: 0 20px 0 0;\n}\n.github-ReviewsFooterView-openReviewsButton,\n.github-ReviewsFooterView-reviewChangesButton {\n  margin-left: 10px;\n}\n.github-ReviewsFooterView-commentCount {\n  margin-right: 10px;\n  color: rgba(157, 165, 180, 0.6);\n}\n.github-ReviewsFooterView-commentsResolved {\n  color: #d7dae0;\n}\n.github-ReviewsFooterView-progessBar {\n  margin-right: 10px;\n}\n","imports":[{"path":"static\\variables\\ui-variables.less","digest":"22956e6f6db30ab08c9f8dbc5a1bba7149ff2678"},{"path":"static\\variables\\syntax-variables.less","digest":"161404ff92113205d84a38441681ded1e4527102"},{"path":"node_modules\\github\\styles\\variables.less","digest":"c9eb75db5f3647898c9605e16775cc8ffcadf55e"},{"path":"static\\variables\\ui-variables.less","digest":"22956e6f6db30ab08c9f8dbc5a1bba7149ff2678"},{"path":"static\\variables\\syntax-variables.less","digest":"161404ff92113205d84a38441681ded1e4527102"},{"path":"node_modules\\one-dark-ui\\styles\\ui-variables.less","digest":"939d3fbe15b58314488f201da561d2d2c00768c3"},{"path":"node_modules\\one-dark-ui\\styles\\ui-variables-custom.less","digest":"457fe8030169bcd63e16828e946242049e38737d"},{"path":"node_modules\\one-dark-syntax\\styles\\syntax-variables.less","digest":"adddfa2302fe6b546da4ebe619742288126b1bc4"},{"path":"node_modules\\one-dark-syntax\\styles\\colors.less","digest":"09a7869efef21684b3da1ce77a799fa307bbc34f"},{"path":"node_modules\\one-dark-syntax\\styles\\syntax-variables.less","digest":"adddfa2302fe6b546da4ebe619742288126b1bc4"}],"version":1}