{"digest":"6199b2b5d3b6d5635fbef381b97f3168ea5f5372","css":".github-StagingView {\n  flex: 1;\n  display: flex;\n  flex-direction: column;\n}\n.github-StagingView-group {\n  flex: 1;\n  display: flex;\n  flex-direction: column;\n}\n.github-StagingView-header {\n  display: flex;\n  align-items: center;\n  padding: 0 0 0 10px;\n  font-weight: 600;\n  border-top: 1px solid #181a1f;\n  border-bottom: 1px solid #181a1f;\n}\n.github-UnstagedChanges > .github-StagingView-header {\n  border-top: none;\n}\n.github-StagingView-header .icon {\n  text-align: center;\n}\n.github-StagingView-header .icon:before {\n  color: rgba(157, 165, 180, 0.6);\n  margin-right: 8.33333333px;\n  vertical-align: middle;\n}\n.github-StagingView-headerButton {\n  height: 2.5em;\n  border: none;\n  padding: 0 10px;\n  font-weight: normal;\n  border-left: 1px solid #181a1f;\n  white-space: nowrap;\n  background: none;\n  cursor: default;\n}\n.github-StagingView-headerButton:disabled {\n  color: rgba(157, 165, 180, 0.6);\n}\n.github-StagingView-headerButton:active {\n  background-color: #3a3f4b;\n}\n.github-StagingView-headerButton.icon:before {\n  margin-right: 0;\n  font-size: 1em;\n  text-align: left;\n}\n.github-StagingView-headerButton--fullWidth {\n  border-left: none;\n  border-bottom: 1px solid #181a1f;\n}\n.github-StagingView-headerButton--iconOnly:before {\n  width: auto;\n}\n.github-StagingView-title {\n  flex: 1;\n  margin-right: 10px;\n  line-height: 2.5em;\n  overflow: hidden;\n  text-overflow: ellipsis;\n  white-space: nowrap;\n}\n.github-StagingView-list {\n  flex: 1 1 0;\n  overflow-x: auto;\n}\n.github-StagingView-group-truncatedMsg {\n  padding: 5px 10px;\n}\n.github-StagingView-group.is-focused .is-selected {\n  color: white;\n  background: #3a3f4b;\n}\n.github-StagingView:focus .github-StagingView-group.is-focused .is-selected {\n  color: #ffffff;\n  background: #4d78cc;\n}\n","imports":[{"path":"static\\variables\\ui-variables.less","digest":"22956e6f6db30ab08c9f8dbc5a1bba7149ff2678"},{"path":"static\\variables\\syntax-variables.less","digest":"161404ff92113205d84a38441681ded1e4527102"},{"path":"node_modules\\github\\styles\\variables.less","digest":"c9eb75db5f3647898c9605e16775cc8ffcadf55e"},{"path":"static\\variables\\ui-variables.less","digest":"22956e6f6db30ab08c9f8dbc5a1bba7149ff2678"},{"path":"static\\variables\\syntax-variables.less","digest":"161404ff92113205d84a38441681ded1e4527102"},{"path":"node_modules\\one-dark-ui\\styles\\ui-variables.less","digest":"939d3fbe15b58314488f201da561d2d2c00768c3"},{"path":"node_modules\\one-dark-ui\\styles\\ui-variables-custom.less","digest":"457fe8030169bcd63e16828e946242049e38737d"},{"path":"node_modules\\one-dark-syntax\\styles\\syntax-variables.less","digest":"adddfa2302fe6b546da4ebe619742288126b1bc4"},{"path":"node_modules\\one-dark-syntax\\styles\\colors.less","digest":"09a7869efef21684b3da1ce77a799fa307bbc34f"},{"path":"node_modules\\one-dark-syntax\\styles\\syntax-variables.less","digest":"adddfa2302fe6b546da4ebe619742288126b1bc4"}],"version":1}