{"digest":"d7675d13adeca6cd1d5b0946ec343bb80f6e3117","css":".github-StatusBarTileController {\n  display: inline-block;\n}\n.github-StatusBarTileController-tooltipMenu.tooltip {\n  width: 400px;\n  padding-left: 10px;\n  padding-right: 10px;\n  box-sizing: border-box;\n}\n.github-StatusBarTileController-tooltipMenu .tooltip-inner.tooltip-inner {\n  padding: 5px;\n  background-color: #21252b;\n  border: 1px solid #181a1f;\n  box-shadow: 0 4px 8px rgba(0, 0, 0, 0.1);\n  color: #9da5b4;\n}\n.github-StatusBarTileController-tooltipMenu.top .tooltip-arrow.tooltip-arrow {\n  width: 10px;\n  height: 10px;\n  border-width: 0 0 1px 1px;\n  border-color: #181a1f;\n  background-color: #21252b;\n  border-bottom-right-radius: 2px;\n  transform: rotate(-45deg);\n}\n.github-StatusBarTileController > .inline-block:hover {\n  text-decoration: underline;\n  cursor: default;\n}\n@keyframes github-StatusBarAnimation-fade {\n  0% {\n    opacity: 0;\n  }\n  25% {\n    opacity: 1;\n  }\n  85% {\n    opacity: 1;\n  }\n  100% {\n    opacity: 0;\n  }\n}\n.github-StatusBarTileController .animate-rotate.github-PushPull-icon::before {\n  animation: github-StatusBarAnimation-rotate 1s linear infinite;\n}\n@keyframes github-StatusBarAnimation-rotate {\n  100% {\n    transform: rotate(360deg);\n  }\n}\n.github-StatusBarTileController .animate-up.github-PushPull-icon::before {\n  animation: github-StatusBarAnimation-up 800ms ease-out infinite, github-StatusBarAnimation-fade 800ms ease-out infinite;\n}\n@keyframes github-StatusBarAnimation-up {\n  0% {\n    transform: translateY(40%);\n  }\n  100% {\n    transform: translateY(-20%);\n  }\n}\n.github-StatusBarTileController .animate-down.github-PushPull-icon::before {\n  animation: github-StatusBarAnimation-down 800ms ease-out infinite, github-StatusBarAnimation-fade 800ms ease-out infinite;\n}\n@keyframes github-StatusBarAnimation-down {\n  0% {\n    transform: translateY(-20%);\n  }\n  100% {\n    transform: translateY(40%);\n  }\n}\n.github-StatusBarTileController .github-ChangedFilesCount .icon-alert {\n  margin-left: 5px;\n}\n.github-StatusBarTileController .github-branch-detached {\n  color: rgba(157, 165, 180, 0.6);\n  font-style: italic;\n}\n","imports":[{"path":"static\\variables\\ui-variables.less","digest":"22956e6f6db30ab08c9f8dbc5a1bba7149ff2678"},{"path":"static\\variables\\syntax-variables.less","digest":"161404ff92113205d84a38441681ded1e4527102"},{"path":"node_modules\\github\\styles\\variables.less","digest":"c9eb75db5f3647898c9605e16775cc8ffcadf55e"},{"path":"static\\variables\\ui-variables.less","digest":"22956e6f6db30ab08c9f8dbc5a1bba7149ff2678"},{"path":"static\\variables\\syntax-variables.less","digest":"161404ff92113205d84a38441681ded1e4527102"},{"path":"node_modules\\one-dark-ui\\styles\\ui-variables.less","digest":"939d3fbe15b58314488f201da561d2d2c00768c3"},{"path":"node_modules\\one-dark-ui\\styles\\ui-variables-custom.less","digest":"457fe8030169bcd63e16828e946242049e38737d"},{"path":"node_modules\\one-dark-syntax\\styles\\syntax-variables.less","digest":"adddfa2302fe6b546da4ebe619742288126b1bc4"},{"path":"node_modules\\one-dark-syntax\\styles\\colors.less","digest":"09a7869efef21684b3da1ce77a799fa307bbc34f"},{"path":"node_modules\\one-dark-syntax\\styles\\syntax-variables.less","digest":"adddfa2302fe6b546da4ebe619742288126b1bc4"}],"version":1}