{"digest":"2bfbf0a0eda6af213eee7f347ad95bd41a9e043f","css":".react-tabs {\n  flex: 1;\n  display: flex;\n  flex-direction: column;\n}\n.react-tabs__tab-panel--selected {\n  flex: 1;\n  overflow: auto;\n}\n.github-tab {\n  padding: 5px 15px;\n  text-align: center;\n  font-weight: 600;\n  color: #7e8591;\n  cursor: default;\n  user-select: none;\n}\n.github-tablist {\n  flex: none;\n  display: flex;\n  justify-content: center;\n  padding: 0;\n  margin: 0;\n  list-style: none;\n  border-bottom: 1px solid #181a1f;\n  background-color: #21252b;\n}\n.github-tab-icon {\n  color: #4a4f58;\n  vertical-align: middle;\n}\n.github-tab-icon:before {\n  margin-right: .4em;\n}\n.github-tab-count {\n  display: inline-block;\n  background-color: rgba(45, 49, 56, 0.92);\n  border-radius: 3px;\n  padding: 0 .25em;\n  margin-left: 5px;\n}\n.github-tab.react-tabs__tab--selected {\n  color: white;\n  box-shadow: 0 1px 0 #4d78cc;\n}\n.github-tab.react-tabs__tab--selected .github-tab-icon {\n  color: #9da5b4;\n}\n","imports":[{"path":"static\\variables\\ui-variables.less","digest":"22956e6f6db30ab08c9f8dbc5a1bba7149ff2678"},{"path":"static\\variables\\syntax-variables.less","digest":"161404ff92113205d84a38441681ded1e4527102"},{"path":"node_modules\\github\\styles\\variables.less","digest":"c9eb75db5f3647898c9605e16775cc8ffcadf55e"},{"path":"static\\variables\\ui-variables.less","digest":"22956e6f6db30ab08c9f8dbc5a1bba7149ff2678"},{"path":"static\\variables\\syntax-variables.less","digest":"161404ff92113205d84a38441681ded1e4527102"},{"path":"node_modules\\one-dark-ui\\styles\\ui-variables.less","digest":"939d3fbe15b58314488f201da561d2d2c00768c3"},{"path":"node_modules\\one-dark-ui\\styles\\ui-variables-custom.less","digest":"457fe8030169bcd63e16828e946242049e38737d"},{"path":"node_modules\\one-dark-syntax\\styles\\syntax-variables.less","digest":"adddfa2302fe6b546da4ebe619742288126b1bc4"},{"path":"node_modules\\one-dark-syntax\\styles\\colors.less","digest":"09a7869efef21684b3da1ce77a799fa307bbc34f"},{"path":"node_modules\\one-dark-syntax\\styles\\syntax-variables.less","digest":"adddfa2302fe6b546da4ebe619742288126b1bc4"}],"version":1}