{"digest":"81578e2f3e4a06a29558e0c547bb84e082bc9b51","css":".github-UserMentionTooltip {\n  display: flex;\n}\n.github-UserMentionTooltip-avatar {\n  margin: 5px;\n}\n.github-UserMentionTooltip-avatar > img {\n  width: 60px;\n  height: 60px;\n  border-radius: 3px;\n}\n.github-UserMentionTooltip-info {\n  flex: 1;\n  display: flex;\n  flex-direction: column;\n  justify-content: center;\n  margin: 5px 10px;\n  font-size: 12px;\n  line-height: 20px;\n  text-align: left;\n}\n.github-UserMentionTooltip-info > div {\n  white-space: nowrap;\n}\n.github-UserMentionTooltip-info .icon {\n  color: rgba(157, 165, 180, 0.6);\n  vertical-align: middle;\n}\n.github-UserMentionTooltip-info-username {\n  font-size: 1.2em;\n}\n.github-UserMentionTooltip-info-username strong {\n  font-weight: 600;\n}\n","imports":[{"path":"static\\variables\\ui-variables.less","digest":"22956e6f6db30ab08c9f8dbc5a1bba7149ff2678"},{"path":"static\\variables\\syntax-variables.less","digest":"161404ff92113205d84a38441681ded1e4527102"},{"path":"node_modules\\github\\styles\\variables.less","digest":"c9eb75db5f3647898c9605e16775cc8ffcadf55e"},{"path":"static\\variables\\ui-variables.less","digest":"22956e6f6db30ab08c9f8dbc5a1bba7149ff2678"},{"path":"static\\variables\\syntax-variables.less","digest":"161404ff92113205d84a38441681ded1e4527102"},{"path":"node_modules\\one-dark-ui\\styles\\ui-variables.less","digest":"939d3fbe15b58314488f201da561d2d2c00768c3"},{"path":"node_modules\\one-dark-ui\\styles\\ui-variables-custom.less","digest":"457fe8030169bcd63e16828e946242049e38737d"},{"path":"node_modules\\one-dark-syntax\\styles\\syntax-variables.less","digest":"adddfa2302fe6b546da4ebe619742288126b1bc4"},{"path":"node_modules\\one-dark-syntax\\styles\\colors.less","digest":"09a7869efef21684b3da1ce77a799fa307bbc34f"},{"path":"node_modules\\one-dark-syntax\\styles\\syntax-variables.less","digest":"adddfa2302fe6b546da4ebe619742288126b1bc4"}],"version":1}