<?xml version="1.0" encoding="UTF-8"?>
<keywordspec generated="20170201 07:02:42" type="library" name="DatabaseLibrary" format="ROBOT">
<version></version>
<scope>global</scope>
<namedargs>yes</namedargs>
<doc>Database Library contains utilities meant for Robot Framework's usage.

This can allow you to query your database after an action has been made to verify the results.

This is `compatible*` with any Database API Specification 2.0 module.



References:

 + Database API Specification 2.0 - http://www.python.org/dev/peps/pep-0249/

 + Lists of DB API 2.0 - http://wiki.python.org/moin/DatabaseInterfaces

 + Python Database Programming - http://wiki.python.org/moin/DatabaseProgramming/

Notes:



`compatible* - or at least theoretically it should be compatible. Currently tested only with postgresql
(using psycopg2).`

Example Usage:
| # Setup |
| Connect to Database |
| # Guard assertion (verify that test started in expected state). |
| Check if not exists in database | select id from person where first_name = 'Franz Allan' and last_name = 'See' |
| # Drive UI to do some action |
| Go To | http://localhost/person/form.html | | # From selenium library |
| Input Text |  name=first_name | Franz Allan | # From selenium library |
| Input Text |  name=last_name | See | # From selenium library |
| Click Button | Save | | # From selenium library |
| # Log results |
| @{queryResults} | Query | select * from person |
| Log Many | @{queryResults} |
| # Verify if persisted in the database |
| Check if exists in database | select id from person where first_name = 'Franz Allan' and last_name = 'See' |
| # Teardown |
| Disconnect from Database |</doc>
<kw name="Check If Exists In Database">
<arguments>
<arg>selectStatement</arg>
</arguments>
<doc>Check if any row would be returned by given the input
`selectStatement`. If there are no results, then this will
throw an AssertionError.

For example, given we have a table `person` with the following data:
| id | first_name  | last_name |
|  1 | Franz Allan | See       |

When you have the following assertions in your robot
| Check If Exists In Database | SELECT id FROM person WHERE first_name = 'Franz Allan' |
| Check If Exists In Database | SELECT id FROM person WHERE first_name = 'John' |

Then you will get the following:
| Check If Exists In Database | SELECT id FROM person WHERE first_name = 'Franz Allan' | # PASS |
| Check If Exists In Database | SELECT id FROM person WHERE first_name = 'John' | # FAIL |</doc>
<tags>
</tags>
</kw>
<kw name="Check If Not Exists In Database">
<arguments>
<arg>selectStatement</arg>
</arguments>
<doc>This is the negation of `check_if_exists_in_database`.

Check if no rows would be returned by given the input
`selectStatement`. If there are any results, then this will
throw an AssertionError.

For example, given we have a table `person` with the following data:
| id | first_name  | last_name |
|  1 | Franz Allan | See       |

When you have the following assertions in your robot
| Check If Not Exists In Database | SELECT id FROM person WHERE first_name = 'John' |
| Check If Not Exists In Database | SELECT id FROM person WHERE first_name = 'Franz Allan' |

Then you will get the following:
| Check If Not Exists In Database | SELECT id FROM person WHERE first_name = 'John' | # PASS |
| Check If Not Exists In Database | SELECT id FROM person WHERE first_name = 'Franz Allan' | # FAIL |</doc>
<tags>
</tags>
</kw>
<kw name="Connect To Database">
<arguments>
<arg>dbapiModuleName=None</arg>
<arg>dbName=None</arg>
<arg>dbUsername=None</arg>
<arg>dbPassword=None</arg>
<arg>dbHost=None</arg>
<arg>dbPort=None</arg>
<arg>dbConfigFile=./resources/db.cfg</arg>
</arguments>
<doc>Loads the DB API 2.0 module given `dbapiModuleName` then uses it to
connect to the database using `dbName`, `dbUsername`, and `dbPassword`.

Optionally, you can specify a `dbConfigFile` wherein it will load the
default property values for `dbapiModuleName`, `dbName` `dbUsername`
and `dbPassword` (note: specifying `dbapiModuleName`, `dbName`
`dbUsername` or `dbPassword` directly will override the properties of
the same key in `dbConfigFile`). If no `dbConfigFile` is specified, it
defaults to `./resources/db.cfg`.

The `dbConfigFile` is useful if you don't want to check into your SCM
your database credentials.

Example usage:
| # explicitly specifies all db property values |
| Connect To Database | psycopg2 | my_db | postgres | s3cr3t | tiger.foobar.com | 5432 |

| # loads all property values from default.cfg |
| Connect To Database | dbConfigFile=default.cfg |

| # loads all property values from ./resources/db.cfg |
| Connect To Database |

| # uses explicit `dbapiModuleName` and `dbName` but uses the `dbUsername` and `dbPassword` in 'default.cfg' |
| Connect To Database | psycopg2 | my_db_test | dbConfigFile=default.cfg |

| # uses explicit `dbapiModuleName` and `dbName` but uses the `dbUsername` and `dbPassword` in './resources/db.cfg' |
| Connect To Database | psycopg2 | my_db_test |</doc>
<tags>
</tags>
</kw>
<kw name="Connect To Database Using Custom Params">
<arguments>
<arg>dbapiModuleName=None</arg>
<arg>db_connect_string=</arg>
</arguments>
<doc>Loads the DB API 2.0 module given `dbapiModuleName` then uses it to
connect to the database using the map string `db_custom_param_string`.

Example usage:
| # for psycopg2 |
| Connect To Database Using Custom Params | psycopg2 | database='my_db_test', user='postgres', password='s3cr3t', host='tiger.foobar.com', port=5432 |

| # for JayDeBeApi |
| Connect To Database Using Custom Params | JayDeBeApi | 'oracle.jdbc.driver.OracleDriver', 'my_db_test', 'system', 's3cr3t' |</doc>
<tags>
</tags>
</kw>
<kw name="Delete All Rows From Table">
<arguments>
<arg>tableName</arg>
</arguments>
<doc>Delete all the rows within a given table.

For example, given we have a table `person` in a database

When you do the following:
| Delete All Rows From Table | person |

If all the rows can be successfully deleted, then you will get:
| Delete All Rows From Table | person | # PASS |
If the table doesn't exist or all the data can't be deleted, then you
will get:
| Delete All Rows From Table | first_name | # FAIL |</doc>
<tags>
</tags>
</kw>
<kw name="Description">
<arguments>
<arg>selectStatement</arg>
</arguments>
<doc>Uses the input `selectStatement` to query a table in the db which
will be used to determine the description.

For example, given we have a table `person` with the following data:
| id | first_name  | last_name |
|  1 | Franz Allan | See       |

When you do the following:
| @{queryResults} | Description | SELECT * FROM person |
| Log Many | @{queryResults} |

You will get the following:
[Column(name='id', type_code=1043, display_size=None, internal_size=255, precision=None, scale=None, null_ok=None)]
[Column(name='first_name', type_code=1043, display_size=None, internal_size=255, precision=None, scale=None, null_ok=None)]
[Column(name='last_name', type_code=1043, display_size=None, internal_size=255, precision=None, scale=None, null_ok=None)]</doc>
<tags>
</tags>
</kw>
<kw name="Disconnect From Database">
<arguments>
</arguments>
<doc>Disconnects from the database.

For example:
| Disconnect From Database | # disconnects from current connection to the database |</doc>
<tags>
</tags>
</kw>
<kw name="Execute Sql Script">
<arguments>
<arg>sqlScriptFileName</arg>
</arguments>
<doc>Executes the content of the `sqlScriptFileName` as SQL commands.
Useful for setting the database to a known state before running
your tests, or clearing out your test data after running each a
test.

Sample usage :
| Execute Sql Script | ${EXECDIR}${/}resources${/}DDL-setup.sql |
| Execute Sql Script | ${EXECDIR}${/}resources${/}DML-setup.sql |
| #interesting stuff here |
| Execute Sql Script | ${EXECDIR}${/}resources${/}DML-teardown.sql |
| Execute Sql Script | ${EXECDIR}${/}resources${/}DDL-teardown.sql |

SQL commands are expected to be delimited by a semi-colon (';').

For example:
DELETE FROM person_employee_table;
DELETE FROM person_table;
DELETE FROM employee_table;

Also, the last SQL command can optionally omit its trailing semi-colon.

For example:
DELETE FROM person_employee_table;
DELETE FROM person_table;
DELETE FROM employee_table

Given this, that means you can create spread your SQL commands in several
lines.

For example:
DELETE
  FROM person_employee_table;
DELETE
  FROM person_table;
DELETE
  FROM employee_table

However, lines that starts with a number sign (`#`) are treated as a
commented line. Thus, none of the contents of that line will be executed.

For example:
# Delete the bridging table first...
DELETE
  FROM person_employee_table;
  # ...and then the bridged tables.
DELETE
  FROM person_table;
DELETE
  FROM employee_table</doc>
<tags>
</tags>
</kw>
<kw name="Execute Sql String">
<arguments>
<arg>sqlString</arg>
</arguments>
<doc>Executes the sqlString as SQL commands.
Useful to pass arguments to your sql.

SQL commands are expected to be delimited by a semi-colon (';').

For example:
| Execute Sql String | DELETE FROM person_employee_table; DELETE FROM person_table |

For example with an argument:
| Execute Sql String | SELECT * FROM person WHERE first_name = ${FIRSTNAME} |</doc>
<tags>
</tags>
</kw>
<kw name="Query">
<arguments>
<arg>selectStatement</arg>
</arguments>
<doc>Uses the input `selectStatement` to query for the values that
will be returned as a list of tuples.

Tip: Unless you want to log all column values of the specified rows,
try specifying the column names in your select statements
as much as possible to prevent any unnecessary surprises with schema
changes and to easily see what your [] indexing is trying to retrieve
(i.e. instead of `"select * from my_table"`, try
`"select id, col_1, col_2 from my_table"`).

For example, given we have a table `person` with the following data:
| id | first_name  | last_name |
|  1 | Franz Allan | See       |

When you do the following:
| @{queryResults} | Query | SELECT * FROM person |
| Log Many | @{queryResults} |

You will get the following:
[1, 'Franz Allan', 'See']

Also, you can do something like this:
| ${queryResults} | Query | SELECT first_name, last_name FROM person |
| Log | ${queryResults[0][1]}, ${queryResults[0][0]} |

And get the following
See, Franz Allan</doc>
<tags>
</tags>
</kw>
<kw name="Row Count">
<arguments>
<arg>selectStatement</arg>
</arguments>
<doc>Uses the input `selectStatement` to query the database and returns
the number of rows from the query.

For example, given we have a table `person` with the following data:
| id | first_name  | last_name |
|  1 | Franz Allan | See       |
|  2 | Jerry       | Schneider |

When you do the following:
| ${rowCount} | Row Count | SELECT * FROM person |
| Log | ${rowCount} |

You will get the following:
2

Also, you can do something like this:
| ${rowCount} | Row Count | SELECT * FROM person WHERE id = 2 |
| Log | ${rowCount} |

And get the following
1</doc>
<tags>
</tags>
</kw>
<kw name="Row Count Is 0">
<arguments>
<arg>selectStatement</arg>
</arguments>
<doc>Check if any rows are returned from the submitted `selectStatement`.
If there are, then this will throw an AssertionError.

For example, given we have a table `person` with the following data:
| id | first_name  | last_name |
|  1 | Franz Allan | See       |

When you have the following assertions in your robot
| Row Count is 0 | SELECT id FROM person WHERE first_name = 'Franz Allan' |
| Row Count is 0 | SELECT id FROM person WHERE first_name = 'John' |

Then you will get the following:
| Row Count is 0 | SELECT id FROM person WHERE first_name = 'Franz Allan' | # FAIL |
| Row Count is 0 | SELECT id FROM person WHERE first_name = 'John' | # PASS |</doc>
<tags>
</tags>
</kw>
<kw name="Row Count Is Equal To X">
<arguments>
<arg>selectStatement</arg>
<arg>numRows</arg>
</arguments>
<doc>Check if the number of rows returned from `selectStatement` is equal to
the value submitted. If not, then this will throw an AssertionError.

For example, given we have a table `person` with the following data:
| id | first_name  | last_name |
|  1 | Franz Allan | See       |
|  2 | Jerry       | Schneider |

When you have the following assertions in your robot
| Row Count Is Equal To X | SELECT id FROM person | 1 |
| Row Count Is Equal To X | SELECT id FROM person WHERE first_name = 'John' | 0 |

Then you will get the following:
| Row Count Is Equal To X | SELECT id FROM person | 1 | # FAIL |
| Row Count Is Equal To X | SELECT id FROM person WHERE first_name = 'John' | 0 | # PASS |</doc>
<tags>
</tags>
</kw>
<kw name="Row Count Is Greater Than X">
<arguments>
<arg>selectStatement</arg>
<arg>numRows</arg>
</arguments>
<doc>Check if the number of rows returned from `selectStatement` is greater
than the value submitted. If not, then this will throw an AssertionError.

For example, given we have a table `person` with the following data:
| id | first_name  | last_name |
|  1 | Franz Allan | See       |
|  2 | Jerry       | Schneider |

When you have the following assertions in your robot
| Row Count Is Greater Than X | SELECT id FROM person | 1 |
| Row Count Is Greater Than X | SELECT id FROM person WHERE first_name = 'John' | 0 |

Then you will get the following:
| Row Count Is Greater Than X | SELECT id FROM person | 1 | # PASS |
| Row Count Is Greater Than X | SELECT id FROM person WHERE first_name = 'John' | 0 | # FAIL |</doc>
<tags>
</tags>
</kw>
<kw name="Row Count Is Less Than X">
<arguments>
<arg>selectStatement</arg>
<arg>numRows</arg>
</arguments>
<doc>Check if the number of rows returned from `selectStatement` is less
than the value submitted. If not, then this will throw an AssertionError.

For example, given we have a table `person` with the following data:
| id | first_name  | last_name |
|  1 | Franz Allan | See       |
|  2 | Jerry       | Schneider |

When you have the following assertions in your robot
| Row Count Is Less Than X | SELECT id FROM person | 3 |
| Row Count Is Less Than X | SELECT id FROM person WHERE first_name = 'John' | 1 |

Then you will get the following:
| Row Count Is Less Than X | SELECT id FROM person | 3 | # PASS |
| Row Count Is Less Than X | SELECT id FROM person WHERE first_name = 'John' | 1 | # FAIL |</doc>
<tags>
</tags>
</kw>
<kw name="Table Must Exist">
<arguments>
<arg>tableName</arg>
</arguments>
<doc>Check if the table given exists in the database.

For example, given we have a table `person` in a database

When you do the following:
| Table Must Exist | person |

Then you will get the following:
| Table Must Exist | person | # PASS |
| Table Must Exist | first_name | # FAIL |</doc>
<tags>
</tags>
</kw>
</keywordspec>
