{"comment":"\n\tRobot Framework syntax highlighting for txt format.\t\n\t","fileTypes":["robot"],"name":"Robot Framework","firstLineMatch":"\\*{3} (?i:Settings|Keywords|Variables|Test Cases) \\*{3}","patterns":[{"match":"(^\\*\\*\\*.*?\\*\\*\\*)|((?<=^\\|)\\s+\\*\\*\\*.*?\\*\\*\\*)","name":"string.robot.header"},{"include":"#tag"},{"include":"#variables"},{"include":"#comment"},{"include":"#keyword"},{"begin":"^(?![ \\t\\n\\*\\|])","contentName":"keyword.control.robot","end":"\\s{2,}|\\t|$","patterns":[{"include":"#variables"}]},{"begin":"^([ \\t]+)(?=[a-zA-Z])","contentName":"keyword.control.robot","end":"\\s{2,}|\\t|$","patterns":[{"include":"#variables"}]},{"match":"(?:^[\\s\\t]+)(Given|When|And|Then|But)","captures":{"1":{"name":"keyword.control.robot"}}}],"repository":{"variables":{"begin":"([\\$@&]{)","beginCaptures":{"0":{"name":"punctuation.section.embedded.begin.robot"},"1":{"name":"text.robot"}},"end":"(})","contentName":"variable.control.robot","endCaptures":{"0":{"name":"punctuation.section.embedded.end.robot"},"1":{"name":"text.robot"}}},"comment":{"match":"(?:^[\\s\\t]*)(#.*)$","captures":{"1":{"name":"comment.line.robot"}}},"tag":{"match":"^[\\s\\t]*(\\[.+\\])","captures":{"0":{"name":"entity.tag.name.robot"},"1":{"name":"text.robot"}}},"keyword":{"begin":"\\=[ \\t]+","contentName":"keyword.control.robot","end":"\\s{2,}|\\t|$"}},"scopeName":"text.robot"}