{"digest":"824886be530ca5e83e11ce03c17a614a27184348","css":"/*\n * Your Stylesheet\n *\n * This stylesheet is loaded when Atom starts up and is reloaded automatically\n * when it is changed and saved.\n *\n * Add your own CSS or Less to fully customize Atom.\n * If you are unfamiliar with Less, you can read more about it here:\n * http://lesscss.org\n */\n/*\n * Examples\n * (To see them, uncomment and save)\n */\n","imports":[{"path":"static\\variables\\ui-variables.less","digest":"22956e6f6db30ab08c9f8dbc5a1bba7149ff2678"},{"path":"static\\variables\\syntax-variables.less","digest":"161404ff92113205d84a38441681ded1e4527102"}],"version":1}